analystName,firmName,hiddenOpinion,reportDate,reportTitle,stockCode,surfaceOpinion,targetPrice,tp_change
이수림,DS투자증권,0.9786914587020874,2025-11-20,제대로 믿는 구석,007660,buy,154000,상향
김진형,DS투자증권,0.9786914587020874,2025-11-20,제대로 믿는 구석,007660,buy,154000,상향
최태용,DS투자증권,0.5121192932128906,2025-11-27,실적 우상향과 주주환원의 하모니,161390,buy,71000,상향
최승호,DS투자증권,0.7806586623191833,2025-11-28,결국 부각될 글로벌 유일의 Specialty,035420,buy,400000,유지
김수현,DS투자증권,0.9574966430664062,2025-11-28,도약의 시간,034730,buy,450000,상향
강태호,DS투자증권,0.9574966430664062,2025-11-28,도약의 시간,034730,buy,450000,상향
정이수,IBK투자증권,0.9660077095031738,2025-11-26,"높아지는 이익, 확장되는 신약",068270,buy,230000,유지
김운호,IBK투자증권,0.9810007214546204,2025-12-03,"4분기 기대 이상, 26년 AI 주도 성장",009150,buy,330000,상향
송명섭,iM증권,0.03298219293355942,2022-09-30,1Q23부터 주가 추세 상승 예상,005930,buy,72000,하향
배세호,iM증권,0.2269526869058609,2022-09-30,단기 부진을 수주 모멘텀이 상쇄,000720,buy,55000,유지
고의영,iM증권,0.01915941759943962,2022-10-05,IT범용품 부진 완화 이후 전장품 부각될 것,009150,buy,155000,하향
박상욱,iM증권,0.01915941759943962,2022-10-05,IT범용품 부진 완화 이후 전장품 부각될 것,009150,buy,155000,하향
정원석,iM증권,0.8911440372467041,2022-10-05,미국 진출 불확실성 해소 가능성 주목,066970,buy,280000,하향
박상욱,iM증권,0.8911440372467041,2022-10-05,미국 진출 불확실성 해소 가능성 주목,066970,buy,280000,하향
고의영,iM증권,0.03813662379980087,2022-10-05,비용 정상화 & VS 본부 재부각,066570,buy,115000,하향
박상욱,iM증권,0.03813662379980087,2022-10-05,비용 정상화 & VS 본부 재부각,066570,buy,115000,하향
고의영,iM증권,0.6180729866027832,2022-10-05,수요 우려가 걷히면 드러날 경쟁력,011070,buy,390000,하향
박상욱,iM증권,0.6180729866027832,2022-10-05,수요 우려가 걷히면 드러날 경쟁력,011070,buy,390000,하향
전유진,iM증권,0.05037284642457962,2022-10-05,순수 정유업체로서 아직 보여줄 수 있는 것이 많다,010950,buy,130000,유지
정원석,iM증권,0.20930807292461395,2022-10-05,아직 기회는 있다,006400,buy,800000,하향
박상욱,iM증권,0.20930807292461395,2022-10-05,아직 기회는 있다,006400,buy,800000,하향
전유진,iM증권,0.9320632219314575,2022-10-05,태양광 회사로 본격적인 DNA 전환,009830,buy,60000,유지
전유진,iM증권,0.3405741751194,2022-10-05,형(석유화학)을 뛰어넘는 아우(첨단소재)의 이익 체력,051910,buy,820000,유지
이상헌,iM증권,0.7732285261154175,2022-10-11,고유의 성장 모멘텀이 필요한 시기,003550,buy,106000,유지
고의영,iM증권,0.11364269256591797,2022-10-11,리스크 대비 리턴이 큰 영역,066570,buy,115000,유지
박상욱,iM증권,0.11364269256591797,2022-10-11,리스크 대비 리턴이 큰 영역,066570,buy,115000,유지
송명섭,iM증권,0.891812801361084,2022-10-11,주가 하락 시마다 저점 분할 매수 권고,005930,buy,72000,유지
이상헌,iM증권,0.9706012606620789,2022-10-17,신규수주 대폭 증가 및 중동발주 수혜,028260,buy,160000,유지
송명섭,iM증권,0.44614437222480774,2022-10-21,1Q23 경 주가 추세 전환 예상,000660,buy,130000,유지
김윤상,iM증권,0.048004262149333954,2022-10-25,본업보다는 미래,005490,buy,310000,유지
고의영,iM증권,0.06765997409820557,2022-10-27,23년 OP 하향 안정화를 기다림,009150,buy,155000,유지
박상욱,iM증권,0.06765997409820557,2022-10-27,23년 OP 하향 안정화를 기다림,009150,buy,155000,유지
배세호,iM증권,0.25975197553634644,2022-10-27,3Q22 Review - 잠깐의 흔들림,000720,buy,50000,하향
고의영,iM증권,0.961754560470581,2022-10-27,고객사의 고급화 전략 + 동사의 압도적 대응력,011070,buy,390000,유지
박상욱,iM증권,0.961754560470581,2022-10-27,고객사의 고급화 전략 + 동사의 압도적 대응력,011070,buy,390000,유지
정원석,iM증권,0.9738431572914124,2022-10-27,다른 집 가봐야 발만 아프세요,373220,buy,660000,상향
박상욱,iM증권,0.9738431572914124,2022-10-27,다른 집 가봐야 발만 아프세요,373220,buy,660000,상향
정원석,iM증권,0.8913182020187378,2022-10-27,"새로운 기회 국면, 지금부터 시작이다",006400,buy,950000,상향
박상욱,iM증권,0.8913182020187378,2022-10-27,"새로운 기회 국면, 지금부터 시작이다",006400,buy,950000,상향
송명섭,iM증권,0.11386862397193909,2022-10-27,저점 분할 매수 지속 권고,000660,buy,130000,유지
전유진,iM증권,0.9158477187156677,2022-10-28,3Q22 Review  윤활유의 하드캐리,010950,buy,130000,유지
전유진,iM증권,0.11702460050582886,2022-10-28,3Q22 Review  태양광의 하드캐리,009830,buy,67000,상향
송명섭,iM증권,0.17425620555877686,2022-10-28,악영향은 크지않을 듯,005930,buy,72000,유지
이호철,iM증권,0.9619541764259338,2022-10-28,환율상승에 힘입어 기대치 상회,207940,buy,1100000,상향
고의영,iM증권,0.034725334495306015,2022-10-31,"새롭지 않은 B2C 부진, 새로워진 VS본부",066570,buy,115000,유지
박상욱,iM증권,0.034725334495306015,2022-10-31,"새롭지 않은 B2C 부진, 새로워진 VS본부",066570,buy,115000,유지
배세호,iM증권,0.9473703503608704,2022-10-31,"실적, 수주 다 안정적",028050,buy,34000,유지
전유진,iM증권,0.3049747943878174,2022-11-01,3Q22 Review  역시 첨단소재의 하드캐리,051910,buy,820000,유지
이호철,iM증권,0.2002013474702835,2022-11-04,견조한 실적 성장세 지속,128940,buy,360000,하향
이경신,iM증권,0.9019483923912048,2022-11-04,환율 (+)효과가 더해진 영업실적 시현,033780,buy,110000,유지
박다겸,iM증권,0.06059351563453674,2022-11-08,상수 대신 변수를 고민하자,352820,buy,192000,하향
정원석,iM증권,0.9136062264442444,2022-11-14,미국 증설 불확실성 해소 전망,066970,buy,400000,상향
박상욱,iM증권,0.9136062264442444,2022-11-14,미국 증설 불확실성 해소 전망,066970,buy,400000,상향
조희승,iM증권,0.9107197523117065,2022-11-24,"미국 산업시찰 후기  왔노라, 보았노라, 이기겠노라",005380,buy,220000,유지
이경신,iM증권,0.9807220697402954,2022-11-30,2023 Outlook,033780,buy,120000,상향
이상헌,iM증권,0.8944327235221863,2022-11-30,협동로봇 등 성장성 가시화,000150,buy,120000,유지
정원석,iM증권,0.10522187501192093,2022-12-20,중장기 방향성에는 변함없다,373220,buy,630000,하향
박상욱,iM증권,0.10522187501192093,2022-12-20,중장기 방향성에는 변함없다,373220,buy,630000,하향
이상헌,iM증권,0.8933454155921936,2022-12-26,내년부터 클라우드 사업 성장 모멘텀 될 듯,018260,buy,173000,유지
고의영,iM증권,0.511798083782196,2022-12-27,4Q 바닥 확인,066570,buy,115000,유지
박상욱,iM증권,0.511798083782196,2022-12-27,4Q 바닥 확인,066570,buy,115000,유지
송명섭,iM증권,0.02806185930967331,2022-12-27,미국 금리인상 종료 전후 주가 추세 전환 예상,005930,buy,75000,하향
고의영,iM증권,0.02063625305891037,2022-12-27,"흔들리는 출하, 개선되는 ASP",011070,buy,350000,하향
박상욱,iM증권,0.02063625305891037,2022-12-27,"흔들리는 출하, 개선되는 ASP",011070,buy,350000,하향
전유진,iM증권,0.8471483588218689,2023-01-03,태양광 발전사업체로서의 전진,009830,buy,67000,유지
정원석,iM증권,0.12904560565948486,2023-01-04,2023년 북미 배터리 신공장 증설 가시화 전망,006400,buy,820000,하향
박상욱,iM증권,0.12904560565948486,2023-01-04,2023년 북미 배터리 신공장 증설 가시화 전망,006400,buy,820000,하향
전유진,iM증권,0.20510733127593994,2023-01-04,4분기 외부요인으로 인한 아쉬운 실적,010950,buy,130000,유지
송명섭,iM증권,0.13325877487659454,2023-01-06,단기 실적은 주가와 상관이 없음,005930,buy,75000,유지
배세호,iM증권,0.9354898929595947,2023-01-06,어느해보다 기대되는 2023년,028050,buy,34000,유지
고의영,iM증권,0.1182088553905487,2023-01-09,어려운 환경에서 지켜낸 수익성,066570,buy,115000,유지
박상욱,iM증권,0.1182088553905487,2023-01-09,어려운 환경에서 지켜낸 수익성,066570,buy,115000,유지
조희승,iM증권,0.6628405451774597,2023-01-16,과도한 우려를 이겨내는 실적,005380,buy,220000,유지
고의영,iM증권,0.6284995675086975,2023-01-17,상승기류,009150,buy,180000,상향
박상욱,iM증권,0.6284995675086975,2023-01-17,상승기류,009150,buy,180000,상향
고의영,iM증권,0.7836129665374756,2023-01-17,유럽에서 찾아보는 기회,066570,buy,115000,유지
박상욱,iM증권,0.7836129665374756,2023-01-17,유럽에서 찾아보는 기회,066570,buy,115000,유지
박다겸,iM증권,0.18323808908462524,2023-01-20,뉴진스 Hot100 차트인의 의미,352820,buy,230000,상향
배세호,iM증권,0.14462412893772125,2023-01-20,좋아질 것들에 집중,000720,buy,50000,유지
고의영,iM증권,0.05102410539984703,2023-01-26,"기대로 오른 주가, 기대만큼 좋을 지",009150,buy,180000,유지
박상욱,iM증권,0.05102410539984703,2023-01-26,"기대로 오른 주가, 기대만큼 좋을 지",009150,buy,180000,유지
고의영,iM증권,0.025952497497200966,2023-01-26,수익성 추가 하향... 앞으로 기회요인은 ,011070,buy,350000,유지
박상욱,iM증권,0.025952497497200966,2023-01-26,수익성 추가 하향... 앞으로 기회요인은 ,011070,buy,350000,유지
조희승,iM증권,0.8644904494285583,2023-01-27,"4Q22 Review  킹대차, 답이 좀 됐으려나 ",005380,buy,220000,유지
김윤상,iM증권,0.2018299698829651,2023-01-30,1분기는 편안하게...,005490,buy,380000,유지
고의영,iM증권,0.984122633934021,2023-01-30,3가지의 추가 기회 요인,066570,buy,125000,상향
박상욱,iM증권,0.984122633934021,2023-01-30,3가지의 추가 기회 요인,066570,buy,125000,상향
정원석,iM증권,0.43579909205436707,2023-01-30,3월 IRA 수혜 강도 확정 여부에 주목,373220,buy,630000,유지
박상욱,iM증권,0.43579909205436707,2023-01-30,3월 IRA 수혜 강도 확정 여부에 주목,373220,buy,630000,유지
조희승,iM증권,0.9694547057151794,2023-01-30,4Q22 Review  물류지옥,012330,buy,290000,유지
조희승,iM증권,0.9846929311752319,2023-01-30,4Q22 Review  최대에 최대를 더해서~,000270,buy,100000,유지
이호철,iM증권,0.19184757769107819,2023-01-30,일시적 부진 이후 성장 전망,128940,buy,360000,유지
이경신,iM증권,0.9150297045707703,2023-01-31,"PMI와 장기 파트너십 구축, 글로벌 공략 속도",033780,buy,120000,유지
정원석,iM증권,0.9460912346839905,2023-01-31,북미 신공장 건설 가능성 주목,006400,buy,870000,상향
박상욱,iM증권,0.9460912346839905,2023-01-31,북미 신공장 건설 가능성 주목,006400,buy,870000,상향
정원석,iM증권,0.3475106954574585,2023-01-31,테슬라 가격 할인 정책 수혜 기대,066970,buy,300000,하향
박상욱,iM증권,0.3475106954574585,2023-01-31,테슬라 가격 할인 정책 수혜 기대,066970,buy,300000,하향
전유진,iM증권,0.7613041400909424,2023-02-01,끊임없는 양극재 외형성장에 더 주목,051910,buy,930000,하향
배세호,iM증권,0.9082108736038208,2023-02-01,오늘은 내가 탑픽왕,028050,buy,36000,상향
송명섭,iM증권,0.8458893895149231,2023-02-01,좀더 구체화된 감산 계획,005930,buy,75000,유지
전유진,iM증권,0.5240997076034546,2023-02-02,중국도 러시아 공백을 모두 채우긴 어려워,010950,buy,130000,유지
송명섭,iM증권,0.10879001766443253,2023-02-02,추세 전환을 앞둔 저점 매수 구간,000660,buy,110000,하향
이상헌,iM증권,0.8703388571739197,2023-02-06,올해부터 사업구조 재편 효과로 지분가치 상승할 듯,000880,buy,43000,유지
전유진,iM증권,0.036063481122255325,2023-02-08,예상보다 더딘 SK온 수익성 개선,096770,buy,220000,하향
이호철,iM증권,0.18934117257595062,2023-02-09,단기간 내 성장세 회복 전망,128940,buy,380000,상향
박다겸,iM증권,0.7681336402893066,2023-02-10,2월 9일 공시 관련 코멘트,352820,buy,230000,유지
이경신,iM증권,0.4020232856273651,2023-02-10,외형 확대로 추가 도약 준비,033780,buy,120000,유지
이상헌,iM증권,0.6024284362792969,2023-02-20,올해  올리브영 독주체제 강화 될 듯,001040,buy,114000,유지
조희승,iM증권,0.9065495133399963,2023-02-21,나는 더 똑똑해질 거다,005380,buy,220000,유지
박다겸,iM증권,0.8299370408058167,2023-02-22,견고해져 가는 투자포인트,352820,buy,230000,유지
이상헌,iM증권,0.8849920630455017,2023-02-27,천연가스 Upstream 및 밸류체인 성장성 가시화,047050,buy,35000,유지
고의영,iM증권,0.3215179741382599,2023-03-07,시점보다는 방향,009150,buy,180000,유지
박상욱,iM증권,0.3215179741382599,2023-03-07,시점보다는 방향,009150,buy,180000,유지
고의영,iM증권,0.9815278053283691,2023-03-23,"EV 시대엔 e-PT, SDV 시대엔 Digital Cockpit",066570,buy,165000,유지
박상욱,iM증권,0.9815278053283691,2023-03-23,"EV 시대엔 e-PT, SDV 시대엔 Digital Cockpit",066570,buy,165000,유지
고의영,iM증권,0.031088627874851227,2023-03-23,"이미지센서, 액츄에이터로의 부가가치 이동",011070,buy,330000,하향
이상헌,iM증권,0.774177610874176,2023-03-24,올해 실적개선 가속화,010120,buy,70000,유지
이상헌,iM증권,0.9106674790382385,2023-03-24,자사주 소각이 주주환원의 첫걸음,034730,buy,240000,하향
전유진,iM증권,0.07658525556325912,2023-03-28,LGES에 버금가는 첨단소재 적정가치,051910,buy,930000,유지
전유진,iM증권,0.5195239782333374,2023-03-31,거래재개 이후의 3가지 모멘텀,009830,buy,67000,유지
이주완,iM증권,0.5195239782333374,2023-03-31,거래재개 이후의 3가지 모멘텀,009830,buy,67000,유지
전유진,iM증권,0.06267064809799194,2023-04-04,SK-On 수익성 개선 부진의 장기화,096770,buy,220000,유지
이주완,iM증권,0.06267064809799194,2023-04-04,SK-On 수익성 개선 부진의 장기화,096770,buy,220000,유지
조희승,iM증권,0.9863927960395813,2023-04-06,2023 CEO Investor Day  나는 성장주다,000270,buy,100000,유지
조희승,iM증권,0.8614325523376465,2023-04-10,"1Q23 Preview  긍정적인 P,Q,C의 지속",005380,buy,250000,상향
조희승,iM증권,0.8457378149032593,2023-04-10,1Q23 Preview  높아진 브랜드 경쟁력과 실적 개선,000270,buy,120000,상향
정원석,iM증권,0.9389645457267761,2023-04-10,"AMPC 효과, 놀라긴 이르다",373220,buy,770000,상향
고의영,iM증권,0.8417913913726807,2023-04-10,PBR 1.0배를 넘을 수 있는 기회,066570,buy,165000,유지
이상헌,iM증권,0.3333698511123657,2023-04-10,성장을 위한 투자 감감무소식,003550,buy,106000,유지
송명섭,iM증권,0.9496995806694031,2023-04-10,업황이 나쁠수록 감산은 확대된다.,005930,buy,83400,상향
조희승,iM증권,0.9554736614227295,2023-04-12,1Q23 Preview  수익성 개선 가시화,012330,buy,290000,유지
이상헌,iM증권,0.8928772211074829,2023-04-24,주주환원 및 친환경 에너지 사업 성장성 가시화,028260,buy,160000,유지
배세호,iM증권,0.8932090997695923,2023-04-24,"핵심은 해외 수주, 그 중에서도 NEOM",000720,buy,53000,상향
조희승,iM증권,0.92169189453125,2023-04-26,1Q23 Review  웅장하다,005380,buy,250000,유지
이호철,iM증권,0.9545407295227051,2023-04-26,장기적 성장 모멘텀은 여전히 유효,207940,buy,1100000,유지
조희승,iM증권,0.3518773317337036,2023-04-27,1Q23 Review  K-슬라,000270,buy,120000,유지
조희승,iM증권,0.7788736820220947,2023-04-27,1Q23 Review  관건은 수익성,012330,buy,290000,유지
고의영,iM증권,0.06510917097330093,2023-04-27,6월 이후에 확인하고 싶은 것들,011070,buy,330000,유지
정원석,iM증권,0.975454568862915,2023-04-27,AMPC 예산 상한선 정말 없을지도,373220,buy,770000,유지
고의영,iM증권,0.5084956288337708,2023-04-27,IT 수요 회복 너머의 전장,009150,buy,180000,유지
송명섭,iM증권,0.12492600083351135,2023-04-27,먼동이 뜨기 시작한다.,000660,buy,110000,유지
이호철,iM증권,0.9360384345054626,2023-04-27,본격적인 이익 성장 구간 진입,128940,buy,390000,유지
이호철,iM증권,0.9264317750930786,2023-04-27,실적과 R&D 모두 맑음,000100,buy,71000,유지
변용진,iM증권,0.4868503212928772,2023-04-28,1Q23 Review  예상대로 순항 중,329180,buy,150000,상향
변용진,iM증권,0.30975985527038574,2023-04-28,1Q23 실적 Review,010620,buy,99000,유지
고의영,iM증권,0.893950879573822,2023-04-28,2020년을 뛰어넘는 호실적 전망,066570,buy,165000,유지
전유진,iM증권,0.5391525626182556,2023-04-28,미국 유럽 수요 둔화 VS 중국 인도 수요 회복,010950,buy,115000,하향
이주완,iM증권,0.5391525626182556,2023-04-28,미국 유럽 수요 둔화 VS 중국 인도 수요 회복,010950,buy,115000,하향
전유진,iM증권,0.8981296420097351,2023-04-28,발전소 매각과 IRA 효과로 인한 서프라이즈,009830,buy,67000,유지
이주완,iM증권,0.8981296420097351,2023-04-28,발전소 매각과 IRA 효과로 인한 서프라이즈,009830,buy,67000,유지
정원석,iM증권,0.10307309031486511,2023-04-28,보여줘 완전히 달라진 너 목표주가(12M),006400,buy,960000,상향
송명섭,iM증권,0.9800096154212952,2023-04-28,오랜만의 실적 전망치 상향,005930,buy,84000,상향
배세호,iM증권,0.9602322578430176,2023-04-28,점차 고조되는 수주 기대감,028050,buy,36000,유지
김윤상,iM증권,0.19216501712799072,2023-04-28,철강 업황은 부진하지만..,005490,buy,460000,유지
전유진,iM증권,0.6428533792495728,2023-04-28,첨단소재와 LGES 합작으로 이룬 서프라이즈,051910,buy,930000,유지
이주완,iM증권,0.6428533792495728,2023-04-28,첨단소재와 LGES 합작으로 이룬 서프라이즈,051910,buy,930000,유지
박다겸,iM증권,0.966738760471344,2023-05-03,거를 타선이 없다,352820,buy,330000,상향
배세호,iM증권,0.45892903208732605,2023-05-04,빠른 국제 여객 회복 속도,003490,buy,30000,유지
전유진,iM증권,0.8850206732749939,2023-05-08,의외의 본업 선방으로 달성한 호실적,096770,buy,220000,유지
이주완,iM증권,0.8850206732749939,2023-05-08,의외의 본업 선방으로 달성한 호실적,096770,buy,220000,유지
이상헌,iM증권,0.862406313419342,2023-05-08,해저케이블 수주 확대 본격화,006260,buy,125000,유지
정원석,iM증권,0.16487948596477509,2023-05-11,하반기 수익성 개선 기대,066970,buy,320000,상향
이상헌,iM증권,0.6693261861801147,2023-05-15,협동로봇 시장 성장 수혜 가능할 듯,000150,buy,120000,유지
변용진,iM증권,0.09380437433719635,2023-05-16,1Q23 Review  새 출발 위한 바닥 다지기,042660,buy,32000,유지
고의영,iM증권,0.6571893692016602,2023-05-17,매출의 30퍼센트 이상이 B2B에서 창출,066570,buy,165000,유지
변용진,iM증권,0.4489537179470062,2023-05-24,"Farewell DSME, Welcome Hanwha Ocean",042660,buy,34000,상향
이호철,iM증권,0.9180935621261597,2023-05-30,24조원 휴미라 미국 시장 개화,068270,buy,210000,알수없음
배세호,iM증권,0.47189462184906006,2023-06-08,흔들림 없는 해외 수주 모멘텀,000720,buy,53000,유지
조희승,iM증권,0.9528063535690308,2023-06-21,23년 CEO Investor Day  I am on Hyundai Motor Way,005380,buy,250000,유지
고의영,iM증권,0.5431541204452515,2023-06-30,2020년과 비교해보면 무엇이 달라졌을까,066570,buy,165000,유지
전유진,iM증권,0.03181171044707298,2023-06-30,역사적 저점의 밸류에이션,010950,buy,97000,하향
이주완,iM증권,0.03181171044707298,2023-06-30,역사적 저점의 밸류에이션,010950,buy,97000,하향
정원석,iM증권,0.028088664636015892,2023-07-10,하반기 실적 전망치 하향 조정,373220,buy,750000,유지
배세호,iM증권,0.9531551599502563,2023-07-11,2Q23 Preview,003490,buy,32000,상향
고의영,iM증권,0.9482164978981018,2023-07-13,2030년 매출 100조원 선포,066570,buy,165000,유지
배세호,iM증권,0.834987461566925,2023-07-13,2Q23 Preview  기대감 고조 중,028050,buy,38000,유지
배세호,iM증권,0.9064895510673523,2023-07-24,안정적인 매출 성장,000720,buy,53000,유지
이호철,iM증권,0.04803994297981262,2023-07-26,"실적 소폭 하회, 모멘텀은 유효",068270,buy,200000,하향
조희승,iM증권,0.9864183068275452,2023-07-27,2Q23 Review  서프라이즈의 연속,005380,buy,280000,유지
고의영,iM증권,0.04365706443786621,2023-07-27,생산 차질 이슈에 대한 대응 방안 고민,011070,buy,330000,유지
고의영,iM증권,0.5921815633773804,2023-07-27,성장의 축이 바뀌고 있다,009150,buy,180000,유지
송명섭,iM증권,0.40924757719039917,2023-07-27,아직 남은 주가 상승,000660,buy,132000,유지
이호철,iM증권,0.898354709148407,2023-07-27,컨센서스 상회 호실적 달성,207940,buy,1100000,유지
변용진,iM증권,0.9679352641105652,2023-07-28,2Q23 Review,329180,buy,157000,상향
조희승,iM증권,0.7069759964942932,2023-07-28,2Q23 Review  관건은 수익성 개선,012330,buy,290000,유지
조희승,iM증권,0.8940462470054626,2023-07-28,2Q23 Review  서프라이즈의 연속2,000270,buy,130000,유지
변용진,iM증권,0.8471652865409851,2023-07-28,2Q23 Review  실적 좋고 수주 좋고,010140,buy,11000,상향
배세호,iM증권,0.9869269728660583,2023-07-28,2Q23 Review  친환경 비전이 돋보였다,028050,buy,41000,상향
고의영,iM증권,0.0938338041305542,2023-07-28,단기 부진과 장기 체질 개선 사이에 위치,066570,buy,150000,하향
전유진,iM증권,0.02687913179397583,2023-07-28,모듈 스프레드 개선은 시간문제일 뿐,009830,buy,60000,하향
이주완,iM증권,0.02687913179397583,2023-07-28,모듈 스프레드 개선은 시간문제일 뿐,009830,buy,60000,하향
송명섭,iM증권,0.06433162838220596,2023-07-28,여전히 남은 주가 상승 기회,005930,buy,95000,유지
정원석,iM증권,0.22493286430835724,2023-07-28,이익 성장의 방향성에 변함없다,373220,buy,750000,유지
전유진,iM증권,0.024720903486013412,2023-07-28,일시적인 눈높이 하향조정,051910,buy,930000,유지
이주완,iM증권,0.024720903486013412,2023-07-28,일시적인 눈높이 하향조정,051910,buy,930000,유지
정원석,iM증권,0.15984225273132324,2023-07-28,하반기 이익 증가세 이어질 전망,006400,buy,900000,유지
전유진,iM증권,0.15447479486465454,2023-07-31,이제 차차 좋아질 것들만,096770,buy,250000,유지
이주완,iM증권,0.15447479486465454,2023-07-31,이제 차차 좋아질 것들만,096770,buy,250000,유지
이상헌,iM증권,0.8695363998413086,2023-07-31,자체사업으로서 해상풍력 성장성 가시화 될 듯,000880,buy,43000,유지
전유진,iM증권,0.04098105430603027,2023-07-31,화학 및 윤활유의 예상 외 하드캐리,010950,buy,97000,유지
이주완,iM증권,0.04098105430603027,2023-07-31,화학 및 윤활유의 예상 외 하드캐리,010950,buy,97000,유지
이호철,iM증권,0.2090546190738678,2023-08-02,임상비용 증가로 컨센 소폭 하회,128940,buy,390000,유지
배세호,iM증권,0.742879331111908,2023-08-03,높은 운임이 이끈 호실적,003490,buy,32000,유지
이경신,iM증권,0.44080862402915955,2023-08-04,어려운 대외환경에도 해외 성과 확대 긍정적,033780,buy,110000,유지
이호철,iM증권,0.9599184393882751,2023-08-04,이익체력 개선 MARIPOSA 모멘텀,000100,buy,86000,상향
정원석,iM증권,0.7842251658439636,2023-08-04,하반기 실적 부진 이어질 전망,066970,buy,320000,유지
이상헌,iM증권,0.5977341532707214,2023-08-14,반가운 유커 올리브영에 온다,001040,buy,114000,유지
변용진,iM증권,0.4734988212585449,2023-08-16,2Q23 Review,042660,hold,37000,상향
변용진,iM증권,0.4766818881034851,2023-08-24,10년 만에 재무구조 개선이 아닌 투자목적 유상증자,042660,hold,37000,유지
정원석,iM증권,0.05650472640991211,2023-08-29,내년부터 실적 정상화 예상,066970,buy,320000,유지
정원석,iM증권,0.8090862035751343,2023-08-29,아직 갈 길이 바쁘다,373220,buy,750000,유지
정원석,iM증권,0.21671855449676514,2023-08-29,우리 삼성 SDI 가 달라졌어요,006400,buy,810000,하향
이상헌,iM증권,0.9060669541358948,2023-09-11,LNG Upstream 및 해상풍력 성장성 가속화,047050,buy,100000,상향
고의영,iM증권,0.2665969729423523,2023-09-11,부산 MLCC 공장 탐방 후기  2019년과 2023년,009150,buy,180000,유지
이상헌,iM증권,0.9561893343925476,2023-09-18,유가상승으로 찐 LNG 기업의 히든밸류 레벨업,034730,buy,240000,유지
전유진,iM증권,0.37947386503219604,2023-09-27,현 매크로 상황에서 최선의 대안책,010950,buy,97000,유지
이주완,iM증권,0.37947386503219604,2023-09-27,현 매크로 상황에서 최선의 대안책,010950,buy,97000,유지
고의영,iM증권,0.046366967260837555,2023-10-05,P B 밴드 하단에 근접,011070,buy,330000,유지
고의영,iM증권,0.08482728153467178,2023-10-05,"비용통제, 점유율 확대를 통한 실적 방어",066570,buy,150000,유지
고의영,iM증권,0.02706916444003582,2023-10-10,기대가 없는 밸류에이션,009150,buy,180000,유지
배세호,iM증권,0.6298729777336121,2023-10-10,매출 증가 구간 속 안정적 실적,000720,buy,53000,유지
배세호,iM증권,0.9752503633499146,2023-10-10,안정감 있는 선택지,028050,buy,41000,유지
고의영,iM증권,0.23256026208400726,2023-10-11,"시장점유율 확대, 비용 통제, 제품믹스 개선",066570,buy,150000,유지
송명섭,iM증권,0.6270107626914978,2023-10-12,10월까지는 주가 상승 예상,005930,buy,95000,유지
정원석,iM증권,0.7497663497924805,2023-10-12,최근 시장 우려가 대부분 반영된 주가,373220,buy,650000,하향
배세호,iM증권,0.42224377393722534,2023-10-23,안정적인 이익과 부담없는 벨류에이션,000720,buy,53000,유지
김윤상,iM증권,0.04128512740135193,2023-10-25,제반 업황은 쉽지 않지만...,005490,buy,680000,유지
이재영,iM증권,0.04128512740135193,2023-10-25,제반 업황은 쉽지 않지만...,005490,buy,680000,유지
변용진,iM증권,0.8997829556465149,2023-10-26,3Q23 Review,042660,buy,37000,유지
정원석,iM증권,0.028838932514190674,2023-10-26,눈높이 하향 조정,373220,buy,550000,하향
고의영,iM증권,0.1457338035106659,2023-10-26,상방 요인은 무엇일까 ,011070,buy,330000,유지
변용진,iM증권,0.2272818237543106,2023-10-27,3Q23 Review  걱정이 없다,329180,buy,154000,하향
변용진,iM증권,0.5031653046607971,2023-10-27,3Q23 Review  작은 기다림,010620,buy,97000,하향
조희승,iM증권,0.9794488549232483,2023-10-27,3Q23 Review 영업이익 3.8조원도 무난해진 지금,005380,buy,280000,유지
고의영,iM증권,0.024202002212405205,2023-10-27,P B 1.2배에 닿은 주가,009150,buy,160000,하향
송명섭,iM증권,0.022478856146335602,2023-10-27,Valuation 배수 하향 예상,000660,hold,124000,하향
정원석,iM증권,0.13951031863689423,2023-10-27,주가 추가 하락 시 과매도 구간 진입,006400,buy,600000,하향
조희승,iM증권,0.7709774971008301,2023-10-30,3Q23 Review  AS 부문 수익성 24% 든든,012330,buy,290000,상향
변용진,iM증권,0.8176862597465515,2023-10-30,3Q23 Review  계속 순항 중,010140,buy,11000,유지
조희승,iM증권,0.9734899997711182,2023-10-30,3Q23 Review  더블디짓의 수익성도 무난해진 지금,000270,buy,130000,유지
고의영,iM증권,0.10049740970134735,2023-10-30,터프한 수요 환경에서 지켜낸 수익성,066570,buy,150000,유지
전유진,iM증권,0.25994715094566345,2023-10-31,24년 생각보다 나쁘지 않을 정유 업황,010950,buy,97000,유지
이주완,iM증권,0.25994715094566345,2023-10-31,24년 생각보다 나쁘지 않을 정유 업황,010950,buy,97000,유지
배세호,iM증권,0.023320939391851425,2023-10-31,3Q23 Review  잠시 흔들렸을 뿐,028050,buy,39000,하향
전유진,iM증권,0.022940276190638542,2023-10-31,4분기 눈높이도 하향조정,051910,buy,660000,하향
이주완,iM증권,0.022940276190638542,2023-10-31,4분기 눈높이도 하향조정,051910,buy,660000,하향
전유진,iM증권,0.025799063965678215,2023-11-01,모듈 마진 개선은 시간 문제였음을 확인할 4분기,009830,buy,38000,하향
이주완,iM증권,0.025799063965678215,2023-11-01,모듈 마진 개선은 시간 문제였음을 확인할 4분기,009830,buy,38000,하향
송명섭,iM증권,0.019797980785369873,2023-11-01,목표주가 하향,005930,buy,77000,하향
전유진,iM증권,0.03385571762919426,2023-11-06,이제야 조금씩 선명해지는 SK-On 방향성,096770,buy,137100,하향
이주완,iM증권,0.03385571762919426,2023-11-06,이제야 조금씩 선명해지는 SK-On 방향성,096770,buy,137100,하향
정원석,iM증권,0.06038094311952591,2023-11-07,실적 개선 기대감은 내년으로,066970,buy,250000,하향
이경신,iM증권,0.8757550716400146,2023-11-10,해외 담배사업과 부동산 부문이 이끈 호실적,033780,buy,110000,유지
이윤경,iM증권,0.8757550716400146,2023-11-10,해외 담배사업과 부동산 부문이 이끈 호실적,033780,buy,110000,유지
이상헌,iM증권,0.4934302270412445,2023-11-13,자회사 원전사업 성장성 가시화,000150,buy,120000,유지
배세호,iM증권,0.882419228553772,2023-11-15,3Q23 Review  호실적은 이어지겠지만...,003490,buy,26000,유지
이경신,iM증권,0.34421318769454956,2023-11-22,2024 Outlook,033780,buy,110000,유지
이윤경,iM증권,0.34421318769454956,2023-11-22,2024 Outlook,033780,buy,110000,유지
이상헌,iM증권,0.4578899145126343,2023-12-11,양적 투자 축소 및 투자 수익성 높아지면서 밸류 레벨업,034730,buy,240000,유지
변용진,iM증권,0.053706537932157516,2023-12-19,LNG운반선 소송 이슈 점검,010140,buy,11000,유지
박형우,SK증권,0.9301575422286987,2025-10-28,미중분쟁 반사수혜,003670,buy,300000,상향
박형우,SK증권,0.12418971210718155,2025-10-29,"부진한 숫자들 속, 의미 있는 흐름",006400,buy,400000,상향
박형우,SK증권,0.9672726392745972,2025-10-30,"국내 1위 MLCC, 기판 기업. AI 핵심 부품주",009150,buy,305000,상향
윤혁진,SK증권,0.983278214931488,2025-10-31,26년 신차 골드 사이클과 미국 시장 재편에 준비해야 할 때,005380,buy,330000,상향
박형우,SK증권,0.1419188678264618,2025-10-31,ESS로 가려지지 않는 북미 EV 쇼크,373220,buy,565000,상향
박형우,SK증권,0.928742527961731,2025-10-31,견조한 실적 흐름. AI 성장동력 필요,011070,buy,305000,상향
최관순,SK증권,0.9765207171440125,2025-10-31,리밸런싱 및 자사주 소각 효과 극대화 증권   2025.10.31   조회 4675,034730,buy,300000,상향
최관순,SK증권,0.18694379925727844,2025-10-31,반등시점 모색구간,017670,buy,69000,유지
최관순,SK증권,0.9680531024932861,2025-10-31,우호적 업황과 보유 자사주 가치,006260,buy,255000,상향
최관순,SK증권,0.5769165754318237,2025-10-31,저평가된 자산가치와 자체사업 턴어라운드,028260,buy,280000,알수없음
최관순,SK증권,0.974262535572052,2025-10-31,적수가 없는 올리브영,001040,buy,205000,상향
최관순,SK증권,0.34273725748062134,2025-10-31,주가 키맞추기,003550,buy,100000,상향
최관순,SK증권,0.9720591306686401,2025-10-31,충분한 주가상승 여력,000880,buy,125000,상향
윤혁진,SK증권,0.5702346563339233,2025-11-03,안정적인 수익력을 보여주는 실적,012330,buy,390000,유지
윤혁진,SK증권,0.9626915454864502,2025-11-03,저점을 통과한 실적과 배당수익률 5.4%,000270,buy,160000,상향
나민식,SK증권,0.9789916276931763,2025-11-03,중공업 사업부 실적개선 이어진다,298040,buy,2500000,상향
한승한,SK증권,0.984466552734375,2025-11-04,MASGA는 아직 시작도 안 했다,329180,buy,770000,상향
한승한,SK증권,0.9859626889228821,2025-11-04,"미포야, 그동안 정말 수고 많았어",010620,buy,320000,상향
남효지,SK증권,0.033793456852436066,2025-11-05,신작 출시 전까진 PUBG 트래픽 매출이 관건,259960,buy,380000,하향
남효지,SK증권,0.9825159311294556,2025-11-06,네이버에 AI가 스며들면 생기는 일,035420,buy,360000,상향
남효지,SK증권,0.9704504609107971,2025-11-07,괜한 실적 걱정이었다,251270,buy,79000,유지
형권훈,SK증권,0.9832134246826172,2025-11-07,남다른 체급,278470,buy,320000,상향
형권훈,SK증권,0.6345106959342957,2025-11-07,코스알엑스만 턴어라운드 한다면,090430,buy,150000,유지
박형우,SK증권,0.1377437263727188,2025-11-10,이제는 'AI 주식'이어야 한다,066570,buy,115000,유지
남효지,SK증권,0.962600827217102,2025-11-10,톡 개편+AI = New Normal의 시작,035720,buy,87000,유지
남효지,SK증권,0.6374181509017944,2025-11-12,D-7,036570,buy,300000,유지
박형우,SK증권,0.9577872157096863,2025-11-17,"2026 모멘텀  ①적층기술, ②네트워크, ③단가인상",007660,buy,144000,상향
박형우,SK증권,0.9284692406654358,2025-11-24,2026년  MLCC 쇼티지 시나리오,009150,buy,305000,상향
박형우,SK증권,0.8891739249229431,2025-11-24,"2026년  ①적층기술, ②네트워크, ③단가인상",007660,buy,155500,상향
윤혁진,SK증권,0.938991129398346,2025-11-24,미국시장 MS 사상 최고치 돌파! 다음은 주가 차례,005380,buy,330000,유지
윤혁진,SK증권,0.924945592880249,2025-11-24,하이브리드 성장의 답답함이 뚫린다,000270,buy,160000,유지
나민식,SK증권,0.8731192946434021,2025-11-27,원전과 가스터빈을 동시에,034020,buy,92000,알수없음
최보영,교보증권,0.9817199110984802,2025-11-19,4Q25 Preview 영업이익 추정치 상향,009150,buy,310000,유지
이희영,대신증권,0.9884325861930847,2025-11-25,"분할 끝, 리레이팅 시작",207940,buy,2200000,상향
허민호,대신증권,0.9345362782478333,2025-12-02,부산 및 울산 변압기 공장 투어 후기,010120,buy,630000,유지
권용수,대신증권,0.2694551944732666,2025-12-04,시장이 회사에 품는 의문 두 가지,047810,buy,218000,유지
이승우,유진투자증권,0.08464377373456955,2022-12-20,4Q22 Preview  빛바랜 매출 300조원 이정표,005930,buy,72000,유지
임소정,유진투자증권,0.08464377373456955,2022-12-20,4Q22 Preview  빛바랜 매출 300조원 이정표,005930,buy,72000,유지
이승우,유진투자증권,0.0818527489900589,2023-01-09,Dynamic Random Access Earnings,005930,buy,72000,유지
임소정,유진투자증권,0.0818527489900589,2023-01-09,Dynamic Random Access Earnings,005930,buy,72000,유지
정의훈,유진투자증권,0.058116111904382706,2023-01-09,늘어난 숙제,259960,buy,220000,하향
정의훈,유진투자증권,0.028888238593935966,2023-01-09,실적 부진 우려와 신작 기대감 공존,036570,buy,560000,유지
이유진,유진투자증권,0.2632600963115692,2023-01-09,올해부턴 정상화 + 신사업 가치 반영 기대,005490,buy,440000,유지
정의훈,유진투자증권,0.10179639607667923,2023-01-09,포쉬마크 인수 완료,035420,buy,253000,유지
황성현,유진투자증권,0.9446329474449158,2023-01-10,높아진 눈높이와 넘어야 할 산,373220,buy,520000,유지
이재일,유진투자증권,0.8437225818634033,2023-01-11,4Q22 Preview  23년에도 이익 증가세 지속,000270,buy,90000,하향
이재일,유진투자증권,0.897843062877655,2023-01-11,4Q22 Preview  마진 정상화 국면,012330,buy,315000,유지
이재일,유진투자증권,0.8624190092086792,2023-01-11,미국 시장에서의 구조적 성장이 동력,005380,buy,250000,하향
황성현,유진투자증권,0.8833796977996826,2023-01-12,기다리던 미국 태양광 증설 발표,009830,buy,60000,유지
정의훈,유진투자증권,0.9807004928588867,2023-01-13,"엔터, 1.15조원 규모 유상증자",035720,buy,70000,상향
황성현,유진투자증권,0.022515201941132545,2023-01-16,"2022년 4분기가 실적, 주가 모두 바닥",010950,buy,133000,하향
정의훈,유진투자증권,0.059418171644210815,2023-01-18,실적 부진 탈피가 최우선 과제,251270,hold,55000,유지
양승윤,유진투자증권,0.08242176473140717,2023-01-20,4Q22 Preview  정상화로 가는 길,003490,buy,35000,유지
이재일,유진투자증권,0.5868998169898987,2023-01-27,"4Q22 Review  실적 서프라이즈, 기대 이상의 23년 가이던스 제시",005380,buy,250000,유지
이재일,유진투자증권,0.9064108729362488,2023-01-30,4Q22 Review  2023년 영업이익 9조원 돌파 가능할까 ,000270,buy,90000,유지
이재일,유진투자증권,0.7205638885498047,2023-01-30,4Q22 Review  고속 성장하는 매출과 동반 성장하는 비용,012330,buy,315000,유지
권해순,유진투자증권,0.980811595916748,2023-01-30,4Q22P 실적 Review  바이오산업의 견고한 성장 추세 확인,207940,buy,1100000,상향
황성현,유진투자증권,0.8015912771224976,2023-01-30,미국을 중심으로 성장 지속 전망,373220,buy,520000,유지
이유진,유진투자증권,0.7660827040672302,2023-01-30,수요 회복과 리튬이 이끌 올해,005490,buy,440000,유지
양승윤,유진투자증권,0.909542441368103,2023-01-31,4Q22 Preview  순조로운 항해 중,047810,buy,65000,유지
황성현,유진투자증권,0.34918102622032166,2023-02-01,2023년 첨단소재 매출액 10조원 돌파 전망,051910,buy,770000,유지
이승우,유진투자증권,0.17769946157932281,2023-02-01,감산인 듯 감산 아닌 감산 같은...,005930,buy,72000,유지
임소정,유진투자증권,0.17769946157932281,2023-02-01,감산인 듯 감산 아닌 감산 같은...,005930,buy,72000,유지
한병화,유진투자증권,0.732336699962616,2023-02-02,4Q22 Review  2023년 신사업 기대,028260,buy,170000,유지
이승우,유진투자증권,0.16141648590564728,2023-02-02,4Q22 Review  Passing the bottom...,000660,buy,110000,유지
임소정,유진투자증권,0.16141648590564728,2023-02-02,4Q22 Review  Passing the bottom...,000660,buy,110000,유지
양승윤,유진투자증권,0.08440094441175461,2023-02-02,4Q22 Review  중요한 것은 여객 수요의 지속성 여부,003490,buy,35000,유지
황성현,유진투자증권,0.9629917740821838,2023-02-02,변곡점  EU의 디젤 가격 상한제 시행,010950,buy,133000,유지
정의훈,유진투자증권,0.6040183305740356,2023-02-06,우려 보다는 기대감이 부각,035420,buy,289000,상향
황성현,유진투자증권,0.24102215468883514,2023-02-08,배터리 흑자전환은 언제,096770,buy,216000,하향
정의훈,유진투자증권,0.7912241816520691,2023-02-09,악재 해소 기대감과 주주환원 정책 발표,259960,buy,220000,유지
정의훈,유진투자증권,0.10047344863414764,2023-02-10,비용 증가는 신작에 부담을 더한다,036570,buy,560000,유지
정의훈,유진투자증권,0.08725312352180481,2023-02-13,추웠던 겨울에도 실적은 선방,035720,buy,81000,상향
양승윤,유진투자증권,0.9443307518959045,2023-02-15,"4Q22 Review  지금도, 앞으로도 좋을 것",047810,buy,65000,유지
황성현,유진투자증권,0.05165908485651016,2023-02-17,4Q22 Review - 일회성 제외하면 예상 수준,009830,buy,60000,유지
이현지,유진투자증권,0.6846778988838196,2023-02-22,바람이 불어도 나만의 길을 간다,352820,buy,230000,상향
권해순,유진투자증권,0.7170330286026001,2023-02-24,4Q22P 실적 Review  2023년부터는 이익 성장 시작,000100,buy,80000,유지
양승윤,유진투자증권,0.8598339557647705,2023-02-27,"놀라긴 이르다, 이제 시작일 뿐",012450,buy,114000,상향
황성현,유진투자증권,0.20630091428756714,2023-02-27,역사를 쓰다,015760,buy,24000,유지
권해순,유진투자증권,0.03786512091755867,2023-03-06,서정진 회장의 복귀는 긍정적 시그널,068270,buy,230000,하향
이승우,유진투자증권,0.09007462114095688,2023-03-14,1Q23 Preview  깊은 반도체 적자의 골짜기,005930,buy,72000,유지
임소정,유진투자증권,0.09007462114095688,2023-03-14,1Q23 Preview  깊은 반도체 적자의 골짜기,005930,buy,72000,유지
이재일,유진투자증권,0.6003498435020447,2023-03-14,컨콜 후기   가동률 100% 수준 회복,000270,buy,100000,알수없음
이승우,유진투자증권,0.14104369282722473,2023-03-15,Passing the deeper bottom...,000660,buy,110000,유지
임소정,유진투자증권,0.14104369282722473,2023-03-15,Passing the deeper bottom...,000660,buy,110000,유지
권해순,유진투자증권,0.3778625726699829,2023-03-20,2027년 비즈니스 모델이 궁금하다,207940,buy,1100000,유지
권해순,유진투자증권,0.9611300826072693,2023-03-31,꾸준한 이익 성장에 대한 프리미엄,128940,buy,360000,유지
정의훈,유진투자증권,0.8094611763954163,2025-11-19,다 해줬잖아,251270,buy,80000,상향
양승윤,유진투자증권,0.35543519258499146,2025-11-24,3Q25 NDR 후기 - 이겨낼 오해와 편견,079550,buy,720000,유지
박유악,키움증권,0.9846707582473755,2025-11-19,2026년 영업이익 80조원으로 상향,000660,buy,730000,상향
김진구,키움증권,0.025547673925757408,2025-11-28,AI 경쟁력이 요구,035420,buy,300000,하향
김진구,키움증권,0.0781233161687851,2025-12-01,전략을 되돌아 볼 때,259960,buy,300000,하향
박유악,키움증권,0.9641980528831482,2025-12-03,실적 서프라이즈 예상,005930,buy,140000,유지
송선재,하나증권,0.025198834016919136,2021-11-02,3Q 하회. 글로벌 부품 원자재 물류 공급 제약이 원인,161390,buy,53000,하향
이홍재,하나증권,0.4855681359767914,2021-11-03,경상 실적도 양호한 편,071050,buy,130000,알수없음
김현수,하나증권,0.9440658092498779,2021-11-03,실적으로 확인되는 원형전지 가치,006400,buy,1200000,상향
이홍재,하나증권,0.036736175417900085,2021-11-12,다양한 이유들과 강력한 금리,032830,buy,102000,유지
이홍재,하나증권,0.770099937915802,2021-11-15,압도적이지는 않지만 좋은 실적,000810,buy,310000,알수없음
김경민,하나증권,0.6529025435447693,2021-11-17,투자자 포럼 2021 온라인 참관 후기,005930,buy,101000,알수없음
김현수,하나증권,0.6529025435447693,2021-11-17,투자자 포럼 2021 온라인 참관 후기,005930,buy,101000,알수없음
윤예지,하나증권,0.8712323904037476,2021-12-03,제페토 신규 투자 유치 및 협업용 메타버스 출시,035420,buy,550000,알수없음
김경민,하나증권,0.5629768371582031,2021-12-08,정기 사장단 인사 발표의 시사점,005930,buy,101000,알수없음
김현수,하나증권,0.5629768371582031,2021-12-08,정기 사장단 인사 발표의 시사점,005930,buy,101000,알수없음
김록호,하나증권,0.6919999122619629,2021-12-09,긍정적 신호들이 보인다,009150,buy,290000,유지
박성봉,하나증권,0.5309886336326599,2021-12-13,"지주사 체제 전환, 어떻게 봐야 하나 ",005490,buy,500000,알수없음
김현수,하나증권,0.07389390468597412,2021-12-14,공급망 리스크 속에서도 꾸준한 실적 성장,006400,buy,1200000,알수없음
유재선,하나증권,0.9656058549880981,2021-12-17,그룹사의 에너지 전환 플랫폼 역할 기대,047050,buy,30000,유지
송선재,하나증권,0.7926346659660339,2021-12-17,대규모 해상운송 계약을 체결,086280,buy,250000,유지
김록호,하나증권,0.9836989641189575,2021-12-23,2개월만에 목표주가 2차 상향,011070,buy,415000,상향
김홍식,하나증권,0.8299894332885742,2021-12-23,배당 받고 2월까진 보유하세요. 수익률 20%는 무난해 보입니다,030200,buy,45000,유지
윤예지,하나증권,0.8552309274673462,2021-12-24,"네이버가 인수한 회사 1. 애니메이션, CG, VFX 전문 회사 로커스",035420,buy,550000,알수없음
이기훈,하나증권,0.966529369354248,2021-12-24,애니모카 브랜즈로 엿본 의 NFT 가능성과 방법론,352820,buy,430000,알수없음
김현수,하나증권,0.9762658476829529,2022-01-04,2차전지 섹터 4분기 실적 시즌의 주인공,066970,buy,310000,상향
최정욱,하나증권,0.1953071504831314,2022-01-05,4분기 실적이 센티멘트 개선의 변곡점으로 작용 전망,055550,buy,56000,유지
심은주,하나증권,0.3193027377128601,2022-01-06,"4Q21 Pre  국내는 견조, 해외는 부진",033780,buy,103000,알수없음
송선재,하나증권,0.6816324591636658,2022-01-06,대주주 지분 10% 매각. 오버행 해소. 지분 인수자에도 주목,086280,buy,250000,알수없음
유재선,하나증권,0.16185040771961212,2022-01-06,큰 고비는 넘었는데,015760,hold,25000,유지
윤재성,하나증권,0.22292548418045044,2022-01-07,2022년 석유제품 공급부족과 정제마진 강세를 전망한다,010950,buy,140000,유지
박재경,하나증권,0.04599601775407791,2022-01-07,4Q21 Preview  컨센서스 소폭 하향 전망,207940,buy,1150000,유지
윤예지,하나증권,0.8323929309844971,2022-01-07,"네이버제트, 본격적인 사업 확장 기로",035420,buy,550000,알수없음
박성봉,하나증권,0.5191012620925903,2022-01-07,안정적이고 높은 수익성 전망에 주주친화 정책 강화까지…,005490,buy,500000,유지
이홍재,하나증권,0.03314708545804024,2022-01-07,올해 기저 부담 낮아질 듯,000810,buy,310000,유지
최정욱,하나증권,0.96932452917099,2022-01-07,큰폭의 NIM 개선 기대. 배당매력도 최상위,316140,buy,18000,유지
김록호,하나증권,0.04759243503212929,2022-01-10,견조한 수요 vs 비용 부담 확대,066570,buy,225000,유지
이홍재,하나증권,0.6805822849273682,2022-01-24,4분기도 예상보다 나은 마무리,005940,buy,16000,하향
최정욱,하나증권,0.5851742029190063,2022-01-24,비상장자회사 가치 반영 예상. 지주사 재평가 기대도 상존,034730,buy,380000,유지
박재경,하나증권,0.8744819760322571,2022-01-25,4Q21 Review  22년 비용 증가에도 호실적 전망,207940,buy,1150000,유지
박성봉,하나증권,0.31915298104286194,2022-01-25,4분기 또다시 사상최고치 화물 매출 전망,003490,buy,41000,유지
송선재,하나증권,0.5125528573989868,2022-01-26,아직은 빡빡한 반도체 수급,005380,buy,280000,유지
박재경,하나증권,0.9341471791267395,2022-01-27,4Q21 Preview  전분기 대비 수익성 개선 전망,000100,buy,92000,유지
김록호,하나증권,0.5051968693733215,2022-01-27,MLCC 물량 회복과 패키지기판 수익성 상향,009150,buy,290000,유지
송선재,하나증권,0.030394883826375008,2022-01-27,걱정보다는 덜 아팠다,012330,buy,300000,하향
유재선,하나증권,0.4136177897453308,2022-01-27,계속되는 이익 성장,047050,buy,30000,유지
김현수,하나증권,0.041809797286987305,2022-01-27,단기 실적 부진 불가피,003670,buy,165000,하향
김록호,하나증권,0.9792319536209106,2022-01-27,성장 가시성 기반으로 실적 상향중,011070,buy,480000,상향
유재선,하나증권,0.8976677060127258,2022-01-27,실적 정상화 확인. 중장기 성장에 관심,298040,buy,84000,유지
송선재,하나증권,0.1436583399772644,2022-01-27,재고 부족. 그 말은 생산 정상화되면 큰 폭의 이익 증가,000270,buy,110000,알수없음
박재경,하나증권,0.07034087926149368,2022-01-28,4Q21 Review  기술료를 기반으로 한 호실적,128940,buy,340000,하향
박성봉,하나증권,0.5305744409561157,2022-01-28,4분기 또다시 어닝서프라이즈 기록,003490,buy,41000,유지
김록호,하나증권,0.061354778707027435,2022-01-28,VS 사업부가 보여줘야 한다,066570,buy,225000,유지
이홍재,하나증권,0.3318791389465332,2022-01-28,막연하지만 그래도 여지가 있다는 점,006800,buy,13000,하향
김경민,하나증권,0.07942904531955719,2022-01-28,"메모리(O), 모바일(O), 비메모리(△)",005930,buy,101000,알수없음
김현수,하나증권,0.07942904531955719,2022-01-28,"메모리(O), 모바일(O), 비메모리(△)",005930,buy,101000,알수없음
송선재,하나증권,0.6811659336090088,2022-01-28,"실적이 좋은데, 7배에 머무를 이유가 없다",086280,buy,250000,알수없음
김현수,하나증권,0.14607055485248566,2022-01-28,적정 가치 75조원,006400,buy,1080000,하향
윤재성,하나증권,0.862220048904419,2022-01-28,컨센에 부합한 실적. 1Q22 추가 개선 전망,010950,buy,140000,유지
김홍식,하나증권,0.9666308164596558,2022-02-03,4Q Review – 배당에 걸맞게 주가 바닥 한 단계 높아질 것,032640,buy,20000,유지
박성봉,하나증권,0.5211997628211975,2022-02-03,"4분기 시장컨센서스 부합, 1분기는 스프레드 축소 전망",005490,buy,430000,하향
유재선,하나증권,0.96260666847229,2022-02-03,국내 전력인프라 투자 확대 수혜 기대,010120,buy,77000,유지
하이,하나증권,0.9867687821388245,2022-02-03,세 마리의 말이 조화롭게 뛰어가는,000660,buy,170000,상향
산정하,하나증권,0.9867687821388245,2022-02-03,세 마리의 말이 조화롭게 뛰어가는,000660,buy,170000,상향
윤재성,하나증권,0.9784723520278931,2022-02-03,정유 업황 개선으로 배터리 투자 부담 축소,096770,buy,270000,상향
송선재,하나증권,0.027316909283399582,2022-02-07,"4분기는 생산도, 수출도 힘들었다",161390,buy,43000,하향
유재선,하나증권,0.6195458173751831,2022-02-07,일회성 제외하면 호실적,267260,buy,30000,유지
유재선,하나증권,0.6957152485847473,2022-02-08,일회성 이슈 마무리 긍정적,010620,buy,100000,유지
윤재성,하나증권,0.40624433755874634,2022-02-09,LGES 분할 이후 자체 성장의 선순환 구조 진입,051910,buy,810000,하향
김현수,하나증권,0.9342210292816162,2022-02-09,글로벌 공급망 리스크 속에서도 수익성 추가 개선,066970,buy,310000,유지
최정욱,하나증권,0.9820507764816284,2022-02-09,다시 한번 재확인된 업종대표주의 위용,105560,buy,78500,유지
최정욱,하나증권,0.9738137722015381,2022-02-09,증자 리스크만 해소될 경우 multiple 상향 여지 높음,024110,buy,14500,유지
김홍식,하나증권,0.8362512588500977,2022-02-10,"4Q Review – 상대 매력도 낮음, 하지만 매수가 유리할 듯",017670,buy,80000,유지
김홍식,하나증권,0.9561585187911987,2022-02-10,"4Q Review – 이젠 최소 36,000원은 넘어야 정상입니다",030200,buy,45000,유지
최정욱,하나증권,0.057460419833660126,2022-02-10,부진을 털어버리고 2022년부터 다시 시작,055550,buy,56000,유지
최정욱,하나증권,0.9859870076179504,2022-02-10,"실적과 배당, 지분주식과 수급 등 모멘텀 요인 만발",316140,buy,19500,상향
최정욱,하나증권,0.6793408393859863,2022-02-11,지금은 적극적인 Valuation Call 가능 영역,086790,buy,68000,유지
이홍재,하나증권,0.026508910581469536,2022-02-11,평가익 확대로 예상치 상회,071050,buy,119000,하향
윤예지,하나증권,0.7594576478004456,2022-02-14,4Q21 Review  자신감있는 가이던스,035720,buy,135000,하향
박재경,하나증권,0.03703560307621956,2022-02-17,4Q21 Review  비용 증가로 컨센서스 하회,000100,buy,87000,하향
윤재성,하나증권,0.8090066909790039,2022-02-18,태양광 실적 바닥은 확인. 상반기 적자는 감내해야,009830,buy,40000,하향
이홍재,하나증권,0.08968030661344528,2022-02-22,배당성향 역행은 매우 아쉽다,000810,buy,280000,하향
이홍재,하나증권,0.7039862275123596,2022-02-22,"편안한 실적, 만족스러운 배당, 불확실성은 완화 중",005830,buy,95000,유지
이기훈,하나증권,0.5238602161407471,2022-02-23,변한 것은 불확실한 매크로 환경에 따른 가격 조정 뿐,352820,buy,430000,유지
최정욱,하나증권,0.05686561390757561,2022-02-28,올해 주가 상승 가능성 어느때보다 높다고 판단,001040,buy,130000,유지
송선재,하나증권,0.9328429698944092,2022-03-03,2022년 CEO Investor Day 핵심내용,005380,buy,280000,상향
최정욱,하나증권,0.023169247433543205,2022-03-03,자회사 우려로 당분간 투자심리 약화 현상 지속될 듯,003550,buy,125000,하향
송선재,하나증권,0.9649032354354858,2022-03-04,2022년 CEO Investor Day 핵심내용,000270,buy,110000,유지
이홍재,하나증권,0.26186618208885193,2022-03-08,이제는 딱히 두려울 것 없는 주가,032830,buy,96000,하향
유재선,하나증권,0.7681468725204468,2022-03-10,일회성 비용으로 적자폭 확대,042660,buy,33000,유지
김홍식,하나증권,0.4024094045162201,2022-03-18,"실적 재료 모두 갖춘 팔방미인, 실적 시즌 돌입 전 매수 추천",030200,buy,45000,유지
박성봉,하나증권,0.7883332371711731,2022-03-23,1분기에도 화물 운임 상승의 수혜 기대,003490,buy,41000,유지
김홍식,하나증권,0.17260687053203583,2022-03-23,스태그플레이션 상황에선  가치가 더욱 빛날 것,030200,buy,45000,유지
최정욱,하나증권,0.772617757320404,2022-03-24,은행 중 가장 양호한 1분기 실적 예상,316140,buy,19500,유지
김현수,하나증권,0.6652390360832214,2022-03-25,견조한 실적 성장과 가격 매력,006400,buy,1080000,유지
최정욱,하나증권,0.43907421827316284,2022-03-25,일회성 이익 감안시 올해 순익 5조원 상회 가능,055550,buy,56000,유지
윤재성,하나증권,0.9017862677574158,2022-03-28,"Diesel Shortage, 길어질 것이다",010950,buy,140000,유지
김현수,하나증권,0.9743707180023193,2022-03-30,1분기 수익성 개선 전망,373220,buy,505000,유지
심은주,하나증권,0.664862334728241,2022-03-31,1Q22 Pre  국내는 여전히 견조하나…,033780,buy,103000,알수없음
박성봉,하나증권,0.8050934076309204,2022-03-31,"글로벌 철강가격 급등 중, 2분기부터 수익성 개선 기대",005490,buy,430000,유지
김록호,하나증권,0.9615471959114075,2022-03-31,"우려는 많지만, 뚜벅뚜벅",009150,buy,290000,유지
최정욱,하나증권,0.4284188747406006,2022-04-01,여전히 PBR 0.30배. 이제 벗어날 때도 됐다,024110,buy,14500,유지
김록호,하나증권,0.9524005651473999,2022-04-05,단연 돋보이는 실적,011070,buy,480000,유지
윤예지,하나증권,0.7379881143569946,2022-04-08,1Q22 Preview  상저하고 패턴이 될 것,035720,buy,135000,유지
박성봉,하나증권,0.7638248205184937,2022-04-08,"3월 인천공항 수송실적  여객 서서히 회복 중, 화물은 호조 지속",003490,buy,41000,알수없음
김경민,하나증권,0.06786829978227615,2022-04-08,"TP 하향하나, 우려 작아지고, 기대 높아지고",005930,buy,95000,하향
김현수,하나증권,0.06786829978227615,2022-04-08,"TP 하향하나, 우려 작아지고, 기대 높아지고",005930,buy,95000,하향
김록호,하나증권,0.38556814193725586,2022-04-08,본업에 의한 실적은 양호,066570,buy,190000,하향
윤재성,하나증권,0.9669449329376221,2022-04-08,실적 호조 예상. 20년 간 쌓아 올린 포트폴리오의 힘,051910,buy,810000,유지
윤재성,하나증권,0.9054000973701477,2022-04-08,어닝 서프라이즈에도 불구하고 남아 있는 숙제,096770,buy,270000,알수없음
유재선,하나증권,0.821283757686615,2022-04-08,올해 모든 분기 전년대비 증익 가능,047050,buy,30000,유지
박재경,하나증권,0.9563835263252258,2022-04-11,"1Q22 Preview  가동률 상승, 환율 효과로 컨센서스 상회",207940,buy,1150000,유지
박재경,하나증권,0.937110960483551,2022-04-11,1Q22 Preview  견조한 실적으로 컨센서스 상회,128940,buy,350000,상향
김현수,하나증권,0.9489126801490784,2022-04-11,1분기 잠정실적   원통형전지,373220,buy,505000,알수없음
유재선,하나증권,0.1422680765390396,2022-04-12,째깍째깍,015760,hold,25000,유지
윤예지,하나증권,0.060598839074373245,2022-04-14,1Q22 Pre  컨텐츠 고성장은 올해도 지속,035420,buy,450000,하향
박재경,하나증권,0.9224977493286133,2022-04-15,1Q22 Preview  컨센서스에 부합하는 실적 전망,000100,buy,85000,하향
김홍식,하나증권,0.4764197766780853,2022-04-19,여기서 매도하면 후회한다. 한 단계 오버 슈팅 나올 가능성에 대비,030200,buy,45000,유지
이홍재,하나증권,0.4098176658153534,2022-04-20,편안하게 금리 상승을 지켜보려면,032830,buy,96000,유지
윤예지,하나증권,0.21713972091674805,2022-04-22,1Q22 Re  마진은 점차 개선될 것,035420,buy,450000,알수없음
이홍재,하나증권,0.03429528698325157,2022-04-22,금리 영향 크게 반영된 부진한 실적,005940,buy,14000,하향
서현정,하나증권,0.12214634567499161,2022-04-25,"1Q22 Re  부진한 1분기, 실적 가시성은 점차 높아질 것",000720,buy,63000,유지
최정욱,하나증권,0.9865694046020508,2022-04-25,Top-line도 뛰어났지만 비용관리능력이 더욱 눈부셨던 실적,105560,buy,83000,상향
최정욱,하나증권,0.9876458048820496,2022-04-25,그룹 이자이익 증가 폭 은행 중 단연 최고,316140,buy,21000,상향
최정욱,하나증권,0.9822753667831421,2022-04-25,대폭 강화된 핵심이익력. 가파른 마진 상승세도 예상,055550,buy,59000,상향
송선재,하나증권,0.06370595842599869,2022-04-25,예상보다 좋았던 매출액. 우려보다도 낮았던 수익성,012330,buy,280000,유지
최정욱,하나증권,0.9031468033790588,2022-04-25,자사주 소각의 긍정적인 영향 타사보다 더 클 전망,086790,buy,68000,유지
김현수,하나증권,0.9724094867706299,2022-04-26,2022년 배터리 소재 매출 전망 상향 조정,003670,buy,165000,유지
유재선,하나증권,0.9614373445510864,2022-04-26,2분기 최대 실적 재차 경신 예상,047050,buy,30000,유지
송선재,하나증권,0.6535822749137878,2022-04-26,8.8%라는 놀라운 이익률,000270,buy,110000,알수없음
최정욱,하나증권,0.9760584831237793,2022-04-26,"경상 순익 7,500억원. 타행대비 NIM 추가 상승 요인도 상존",024110,buy,15500,상향
송선재,하나증권,0.9211165904998779,2022-04-26,"아이고, 깜짝이야. 기분 좋은 서프라이즈",005380,buy,260000,알수없음
박성봉,하나증권,0.6072332262992859,2022-04-26,올해 이익 체력에 대한 과감한 재평가 필요!,005490,buy,430000,유지
윤재성,하나증권,0.9774920344352722,2022-04-28,Diesel Shortage가 휘발유와 윤활기유 개선을 유발한다,010950,buy,150000,상향
윤재성,하나증권,0.9090526700019836,2022-04-28,"견조한 석유화학, 첨단소재 레벨업도 긍정적",051910,buy,720000,하향
김록호,하나증권,0.07062851637601852,2022-04-28,낮아진 눈높이. 하반기 수요 회복시에는 주목,009150,buy,260000,하향
유재선,하나증권,0.06622188538312912,2022-04-28,눈에 띄는 수주 증가 흐름,267260,buy,30000,유지
김현수,하나증권,0.9598042964935303,2022-04-28,안정적인 수익성,373220,buy,505000,유지
김록호,하나증권,0.6670370697975159,2022-04-28,이제는 비수기에도 탄탄,011070,buy,480000,유지
박종대,하나증권,0.6740198731422424,2022-04-29,1Q21Re  사업구조 개선 완료 입증,090430,buy,240000,유지
윤재성,하나증권,0.985149621963501,2022-04-29,"급변하는 에너지 시장, 가까워 오는 태양광의 턴어라운드",009830,buy,40000,유지
김현수,하나증권,0.9536367058753967,2022-04-29,매출 증가 및 수익성 개선 동반,006400,buy,1080000,유지
김록호,하나증권,0.03770521283149719,2022-04-29,외형은 견조. 비용이 관건.,066570,buy,170000,하향
유재선,하나증권,0.07913043349981308,2022-04-29,일회성 비용으로 적자 지속,010620,buy,100000,유지
박재경,하나증권,0.0816870778799057,2022-05-02,"1Q22 Review  쉬어가는 실적, R&D는 순항",000100,buy,85000,유지
윤재성,하나증권,0.9502972960472107,2022-05-02,SK온에 빛 바랜 실적 서프라이즈,096770,buy,270000,유지
유재선,하나증권,0.11856848746538162,2022-05-02,비수기 외부요인으로 인한 일시적 부진,298040,buy,84000,유지
송선재,하나증권,0.923754096031189,2022-05-02,"잘 나올 것을 기대했지만, 그것보다도 좋아서 깜짝 놀랐어요",086280,buy,260000,상향
유재선,하나증권,0.9110379815101624,2022-05-02,전력인프라 수주 급증. 상저하고 기대,010120,buy,77000,유지
이기훈,하나증권,0.3670065402984619,2022-05-04,2분기부터 오래 기다린 모멘텀들의 시작,352820,buy,430000,알수없음
김홍식,하나증권,0.5133572220802307,2022-05-04,"재매수 진입 적기, 5~6월 오버 슈팅 나올 것",030200,buy,45000,유지
윤예지,하나증권,0.6162687540054321,2022-05-06,1Q22 Re  컨센서스 부합하는 실적,035720,buy,135000,유지
박성봉,하나증권,0.705634355545044,2022-05-06,1분기 또다시 어닝서프라이즈 기록,003490,buy,41000,유지
이홍재,하나증권,0.25338587164878845,2022-05-06,IB 실적 개선으로 기대를 상회,071050,buy,110000,유지
김홍식,하나증권,0.8717752695083618,2022-05-11,"1Q Review – 단기 매수 추천, 5월 투자 심리 가장 좋을 것",017670,buy,80000,유지
김홍식,하나증권,0.6212666630744934,2022-05-11,2022년 1분기 컨퍼런스 콜,017670,buy,80000,알수없음
송선재,하나증권,0.13064512610435486,2022-05-12,이럴 때 사야지요. 대주주도 증여했어요,161390,buy,43000,알수없음
심은주,하나증권,0.9534268379211426,2022-05-13,1Q22 Re  해외 담배의 회복,033780,buy,103000,알수없음
박재경,하나증권,0.04138252139091492,2022-05-13,1Q22 Review  겨울을 지나 하반기 봄을 기다리며,068270,buy,210000,하향
김홍식,하나증권,0.608543336391449,2022-05-13,"1Q Review – 이제 DPS 2,200원 유력, 4만원 돌파 시도 전망",030200,buy,45000,유지
김홍식,하나증권,0.6087279915809631,2022-05-13,2022년 1분기 컨퍼런스콜 요약,030200,buy,45000,알수없음
최정욱,하나증권,0.9768163561820984,2022-05-13,가파른 마진 상승세와 2분기 1.7조원을 상회하는 순익 예상,055550,buy,59000,유지
김홍식,하나증권,0.6882871389389038,2022-05-16,1Q Review – 2분기엔 좋아집니다. 지금 매수하세요,032640,buy,20000,유지
김홍식,하나증권,0.799200713634491,2022-05-16,2022년 1분기 컨퍼런스콜 요약,032640,buy,20000,알수없음
유재선,하나증권,0.059422384947538376,2022-05-16,무릎은 꿇었는데 추진력은 언제,015760,hold,25000,유지
김현수,하나증권,0.9765439033508301,2022-05-17,매출 증가 및 마진 개선 동반,066970,buy,370000,상향
송선재,하나증권,0.9232683181762695,2022-05-23,북미 전기차 공장 확정 등 총 13조원 투자,005380,buy,260000,알수없음
김홍식,하나증권,0.8244047164916992,2022-06-02,3사 중 가장 늦게 주가 상승 시작해 8월까지도 주가 오를 것,032640,buy,20000,유지
김홍식,하나증권,0.21390677988529205,2022-06-09,"2Q 실적 시즌 돌입 전 매수, 8월 16,000원까지 오를 수 있다",032640,buy,20000,유지
윤재성,하나증권,0.9808157086372375,2022-06-13,2Q22 영업이익 QoQ 증익되며 컨센 대폭 상회 전망,010950,buy,160000,상향
윤예지,하나증권,0.5833030343055725,2022-06-13,Analyst Day 후기,035720,buy,135000,알수없음
김홍식,하나증권,0.22691917419433594,2022-06-14,이 가격에선 두려울 것이 없다. 결국은 주가 오를 수 밖에,032640,buy,20000,유지
이기훈,하나증권,0.02239162102341652,2022-06-15,가장 보수적인 시나리오 점검,352820,buy,360000,하향
윤예지,하나증권,0.034070249646902084,2022-06-15,글로벌 커머스 성과가 필요한 상황,035420,buy,350000,하향
최정욱,하나증권,0.5907849073410034,2022-06-15,방어적 매력은 계속 부각될 수 있을 전망,034730,buy,380000,유지
심은주,하나증권,0.9409077167510986,2022-06-16,2Q22 Pre  1분기 좋은 흐름 유지 중,033780,buy,103000,알수없음
윤예지,하나증권,0.9622206687927246,2022-06-17,향후 추정치 상향 여지는 충분,036570,buy,500000,알수없음
김현수,하나증권,0.8534170389175415,2022-06-28,"2분기 감익폭 미미, 하반기 가파른 증익 전망",373220,buy,505000,유지
최정욱,하나증권,0.354837030172348,2022-06-28,하반기에는 성장률 다소 회복 예상,105560,buy,83000,유지
박재경,하나증권,0.9773198366165161,2022-07-05,2Q22 Preview  북경한미를 통한 호실적,128940,buy,360000,상향
김록호,하나증권,0.8934960961341858,2022-07-05,2분기 호실적 및 하반기 실적 가시성,011070,buy,480000,유지
송선재,하나증권,0.40131503343582153,2022-07-07,2Q22 프리뷰  2분기 바닥으로 하반기 개선될 전망,012330,buy,280000,유지
유재선,하나증권,0.6294401288032532,2022-07-07,역대 최대 이익 달성 가능,047050,buy,30000,유지
윤예지,하나증권,0.4964679479598999,2022-07-08,2Q22 Pre  마진 개선은 하반기에,035720,buy,135000,유지
김록호,하나증권,0.047336213290691376,2022-07-08,2Q22 잠정실적  VS 흑자 vs HE 적자,066570,buy,170000,알수없음
김현수,하나증권,0.1705208122730255,2022-07-08,"2분기 수익성 소폭 훼손, 하반기 실적 전망 유지",373220,buy,505000,유지
윤예지,하나증권,0.7050391435623169,2022-07-12,"2Q22 Pre  낮아진 밸류, 성장 동력만 더해진다면",035420,buy,350000,알수없음
박성봉,하나증권,0.8541262745857239,2022-07-12,스프레드 축소 우려보다는 중국 가격 반등에 베팅할 시점,005490,buy,400000,하향
유재선,하나증권,0.05755876377224922,2022-07-12,연중 적자폭이 가장 작은 분기,015760,hold,25000,유지
김록호,하나증권,0.02166198566555977,2022-07-13,달라진 체력으로 선방,009150,buy,235000,하향
최정욱,하나증권,0.11104095727205276,2022-07-13,성장 둔화 우려는 상당폭 약화될 전망,323410,buy,40000,알수없음
최정욱,하나증권,0.8034371733665466,2022-07-19,나름 선방한 주가. 추가 기대 요인도 상존,003550,buy,125000,유지
윤예지,하나증권,0.21315933763980865,2022-07-22,“오픈 채팅” 서비스 가능성 검토,035720,buy,135000,알수없음
최정욱,하나증권,0.24731755256652832,2022-07-22,실적은 밋밋했지만 주주환원의지는 높이 평가,105560,buy,64000,유지
유재선,하나증권,0.9430505037307739,2022-07-22,연이은 최대 실적 경신,047050,buy,30000,유지
박성봉,하나증권,0.7485827207565308,2022-07-22,영업실적 대비 과도한 주가 조정!,005490,buy,400000,유지
송선재,하나증권,0.6434968113899231,2022-07-22,"와우, 분기 영업이익이 3조원",005380,buy,260000,알수없음
김현수,하나증권,0.9403383731842041,2022-07-22,중국 양극재 JV 매출 본격화,003670,buy,165000,유지
서현정,하나증권,0.5787397623062134,2022-07-25,2Q22Re  하반기 높아지는 실적 가시성 주목 필요,000720,buy,55000,유지
송선재,하나증권,0.318192720413208,2022-07-25,2분기가 바닥이었다,012330,buy,280000,알수없음
최정욱,하나증권,0.8918619155883789,2022-07-25,높아진 이익신뢰도. 다만 RWA 관리 노력 병행 필요,316140,buy,16000,유지
최정욱,하나증권,0.4755927324295044,2022-07-25,더욱 견고해진 펀더멘털. 저원가예금 확대 및 자본비율 관리 인상적,055550,buy,50000,유지
송선재,하나증권,0.8190872073173523,2022-07-25,"와우, 두 자릿수 이익률이네요",000270,buy,110000,알수없음
박재경,하나증권,0.9738251566886902,2022-07-28,"2Q22 Re  컨센서스 상회, 가이던스 상향",207940,buy,1150000,유지
김록호,하나증권,0.09277306497097015,2022-07-28,분기 실적 저점 통과,009150,buy,235000,유지
김홍식,하나증권,0.5344498753547668,2022-07-28,중간 배당을 보면 미래 주가가 예측된다.,032640,buy,20000,유지
김현수,하나증권,0.5293780565261841,2022-07-28,하반기 매출 증가 및 수익성 개선 동반,373220,buy,530000,상향
김록호,하나증권,0.8214218616485596,2022-07-28,하반기 불확실성 속에서 돋보이는 실적 예상,011070,buy,480000,유지
박재경,하나증권,0.917948305606842,2022-07-29,2Q22 Review  자회사 매출이 실적 지지,000100,buy,85000,상향
김록호,하나증권,0.21475093066692352,2022-08-01,VS부문의 이익 기여 시작,066570,buy,170000,유지
유재선,하나증권,0.9714287519454956,2022-08-01,긍정적인 업황 속 흑자전환 기대감,010620,buy,120000,상향
유재선,하나증권,0.08017086237668991,2022-08-01,늘어난 매출보다 빨리 증가한 수주잔고,010120,buy,77000,유지
김현수,하나증권,0.5694682002067566,2022-08-01,배터리 가치 지나친 저평가,006400,buy,1080000,유지
유재선,하나증권,0.9675931930541992,2022-08-01,수주가 증명하는 실적 개선 흐름,267260,buy,33000,상향
유재선,하나증권,0.4597027599811554,2022-08-01,실적 정상화 확인. 하반기도 긍정적,298040,buy,84000,유지
유재선,하나증권,0.04836729168891907,2022-08-01,일회성 비용으로 컨센서스 하회,010140,buy,7500,유지
박재경,하나증권,0.9788660407066345,2022-08-03,NDR Note,207940,buy,1150000,알수없음
송선재,하나증권,0.9743396043777466,2022-08-03,이제는 회복이다. 매수하기 좋은 시점,161390,buy,50000,상향
이기훈,하나증권,0.10577795654535294,2022-08-04,가치보다는 시기의 저점 확인 필요,352820,buy,260000,알수없음
최정욱,하나증권,0.02976001240313053,2022-08-04,실적은 예상을 하회했지만 트레이딩 관점의 접근은 가능,323410,buy,40000,알수없음
윤예지,하나증권,0.9106765985488892,2022-08-05,2Q22 Re  사업 다변화의 이점,035720,buy,135000,유지
박성봉,하나증권,0.7677783966064453,2022-08-05,2분기 또다시 어닝서프라이즈!,003490,buy,37000,유지
김홍식,하나증권,0.767141580581665,2022-08-08,2022년 2분기 컨퍼런스콜 요약,032640,buy,20000,알수없음
윤예지,하나증권,0.157327800989151,2022-08-08,2Q22 Re  글로벌 신사업을 기다리며,035420,buy,350000,유지
박재경,하나증권,0.9732985496520996,2022-08-08,2Q22 Re  분기마다 좋아지는 그림,068270,buy,250000,상향
김홍식,하나증권,0.29173770546913147,2022-08-08,2Q Review – 올해 DPS에 걸맞는 주가 형성될 것,032640,buy,20000,유지
김홍식,하나증권,0.7142890691757202,2022-08-10,2022년 2분기 컨퍼런스콜 요약,017670,buy,80000,알수없음
김홍식,하나증권,0.38760626316070557,2022-08-10,2Q Review – 내년 상반기를 대비한 장기 매수는 여전히 유효,017670,buy,80000,유지
김홍식,하나증권,0.72716224193573,2022-08-11,2022년 2분기 컨퍼런스콜 요약,030200,buy,45000,알수없음
김홍식,하나증권,0.5992514491081238,2022-08-11,"2Q Review – 매수는 한 템포 뒤로, 연말 재매수 추천",030200,buy,45000,유지
윤예지,하나증권,0.6307682394981384,2022-08-12,탄탄한 캐시카우와 개발력,259960,buy,350000,알수없음
유재선,하나증권,0.7633267045021057,2022-08-16,LNG 밸류체인 구축 통한 중장기적 시너지 기대,047050,buy,30000,알수없음
윤예지,하나증권,0.0826420933008194,2022-08-16,신작 모멘텀은 모두 내년으로,036570,buy,500000,유지
유재선,하나증권,0.05169759690761566,2022-08-16,하반기 적자폭 확대 불가피,015760,hold,25000,유지
유재선,하나증권,0.2163183093070984,2022-08-17,2023년 턴어라운드 기조는 지속,042660,buy,33000,유지
최정욱,하나증권,0.9304813742637634,2022-08-17,전 자회사 매출 큰폭 증가. 주가 반등 가시화 기대,001040,buy,130000,유지
김현수,하나증권,0.9795912504196167,2022-08-17,좋은 기업 좋은 주식,066970,buy,370000,유지
송선재,하나증권,0.05083879455924034,2022-08-17,"지배구조 이슈도 아니고, 알짜 자회사 분할도 아니다",012330,buy,280000,알수없음
최정욱,하나증권,0.058694854378700256,2022-08-23,최근 상대적 약세는 일시적 수급 공백 때문. 펀더멘털은 가장 양호,055550,buy,50000,유지
최정욱,하나증권,0.8791849613189697,2022-08-26,환율 우려는 우호적 수급 개선 요인이 충분히 상쇄 가능,086790,buy,54000,유지
윤예지,하나증권,0.8693979978561401,2022-09-02,구체화되어가는 광고 성장 전략,035720,buy,135000,알수없음
윤재성,하나증권,0.8280655741691589,2022-09-06,글로벌 에너지 부족 사태 지속과 2023년 원가부담 경감 가능성,009830,buy,64000,알수없음
김홍식,하나증권,0.15161454677581787,2022-09-15,LGU+를 둘러싼 3가지 오해와 진실,032640,buy,20000,유지
윤예지,하나증권,0.6770645380020142,2022-09-15,NEXT 문유를 기다리며,035420,buy,350000,알수없음
최정욱,하나증권,0.08979944884777069,2022-09-19,자본비율 관리를 위해 비은행 성장률 다소 둔화 전망,316140,buy,16000,유지
최정욱,하나증권,0.9695459008216858,2022-09-20,3분기 NIM은 예상보다 많이 아쉬울 전망,105560,buy,64000,유지
최정욱,하나증권,0.9086201786994934,2022-09-20,3분기 실적은 은행 중 가장 뛰어날 전망,024110,buy,12500,유지
김홍식,하나증권,0.23273970186710358,2022-09-20,"인내가 필요한 시점, 연초엔 주가 다시 크게 오를 것",030200,buy,45000,유지
최정욱,하나증권,0.030269084498286247,2022-09-23,3분기 평이한 실적 예상. 이렇다할 반전 모멘텀은 부재,323410,buy,33000,하향
박재경,하나증권,0.4230961799621582,2022-09-23,"포지오티닙, 낮아진 승인 확률",128940,buy,330000,하향
심은주,하나증권,0.7884104251861572,2022-09-26,3Q22 Pre  시장 기대 부합 예상,033780,buy,103000,알수없음
유재선,하나증권,0.48231542110443115,2022-09-27,새 주인을 맞이하기 위한 유상증자,042660,buy,33000,알수없음
박종대,하나증권,0.10214092582464218,2022-09-28,여전히 구조조정 진행 중,090430,buy,160000,알수없음
김록호,하나증권,0.9812313914299011,2022-10-07,Another Level,011070,buy,480000,유지
김록호,하나증권,0.04697944596409798,2022-10-11,3Q22 잠정실적 - VS 이익 확대 vs H&A 부진,066570,buy,170000,알수없음
김록호,하나증권,0.05457417294383049,2022-10-11,3Q22 잠정실적 - 반도체 부진 vs MX 선방,005930,buy,78000,알수없음
김현수,하나증권,0.9553013443946838,2022-10-11,"3분기 수익성 개선세 지속, 4분기 변수 상존",373220,buy,530000,유지
김록호,하나증권,0.01954272761940956,2022-10-12,수요 급감 체감,009150,buy,175000,하향
유재선,하나증권,0.03540605679154396,2022-10-12,요금을 올리고 올려도 적자,015760,hold,20000,하향
윤예지,하나증권,0.07143301516771317,2022-10-17,좀 더 길어진 기다림,035420,buy,300000,하향
윤예지,하나증권,0.026461832225322723,2022-10-18,최악의 구간을 지나서,035720,buy,80000,하향
박성봉,하나증권,0.852773129940033,2022-10-19,3분기에도 견조한 화물 매출로 양호한 실적 전망,003490,buy,37000,유지
송선재,하나증권,0.03146819397807121,2022-10-25,3Q22 리뷰  가격 효과 약화. 금융 수익성 하락,005380,buy,225000,알수없음
김현수,하나증권,0.8948473930358887,2022-10-25,"3분기 양극재 또 서프라이즈, 4분기 마진 소폭 하락 전망",003670,buy,227000,상향
유재선,하나증권,0.9581651091575623,2022-10-25,일회성과 환율 영향 감안하면 견조한 실적,047050,buy,30000,유지
박성봉,하나증권,0.10513633489608765,2022-10-25,태풍 침수 피해는 결국 일회성 이슈!,005490,buy,400000,유지
송선재,하나증권,0.05633198469877243,2022-10-26,3Q22 리뷰  낮은 인센티브에 대한 기대,000270,buy,90000,알수없음
최정욱,하나증권,0.6282768249511719,2022-10-26,실적은 내용면에서 다소 밋밋. 자본비율과 수급 여건은 양호,055550,buy,50000,유지
최정욱,하나증권,0.972521960735321,2022-10-26,예상 외의 깜짝 실적. 유동성 리스크 관리 노력도 탁월,086790,buy,54000,유지
박재경,하나증권,0.9804673194885254,2022-10-27,3Q22 Re  선제적 투자로 고환율 기회를 잡았다,207940,buy,1150000,유지
김현수,하나증권,0.9540228247642517,2022-10-27,"3분기 판가 인상 효과, 4분기도 매출 성장세 지속",373220,buy,600000,상향
김록호,하나증권,0.1148013100028038,2022-10-27,MLCC 부진 vs 패키지 기여도 확대,009150,buy,175000,유지
김현수,하나증권,0.9030563831329346,2022-10-27,"가파른 수익성 개선, PER Valuation 가능한 가격",006400,buy,1080000,유지
김록호,하나증권,0.9763492345809937,2022-10-27,계속 말해봐야 입만 아프다,011070,buy,480000,유지
김록호,하나증권,0.07552167773246765,2022-10-27,과감한 Capex Cut,000660,buy,128000,유지
최정욱,하나증권,0.9504061937332153,2022-10-27,뒤늦은 마진 상승세. 타행보다 더 오래 지속될 가능성 높다,024110,buy,12500,유지
유재선,하나증권,0.9784049391746521,2022-10-27,일회성 감안해도 긍정적인 수익성,267260,buy,40000,상향
윤재성,하나증권,0.9730786085128784,2022-10-28,4Q22 영업이익 보수적으로 QoQ +56% 증익 추정,010950,buy,120000,유지
김록호,하나증권,0.07395508140325546,2022-10-28,강자의 여유,005930,buy,78000,유지
윤재성,하나증권,0.8432620167732239,2022-10-28,태양광 호조로 사상 최대 실적 시현,009830,buy,64000,알수없음
유재선,하나증권,0.2966352701187134,2022-10-28,환율 약세로 인한 수익성 개선 확인,010620,buy,120000,유지
유재선,하나증권,0.37048009037971497,2022-10-28,환율과 일회성 환입으로 달성한 흑자,329180,buy,150000,유지
송선재,하나증권,0.4950442314147949,2022-10-31,3Q22 리뷰  구조적 이익개선 요인은 여전하다,086280,buy,260000,알수없음
송선재,하나증권,0.8445490002632141,2022-10-31,3Q22 리뷰  증익 시작,012330,buy,280000,유지
유재선,하나증권,0.6183672547340393,2022-10-31,이익률로 증명한 실적 정상화,298040,buy,84000,유지
김록호,하나증권,0.2317098081111908,2022-10-31,이제는 VS 사업부를 바라볼 때,066570,buy,130000,하향
유재선,하나증권,0.07935117185115814,2022-10-31,일회성 비용 제외하면 시장 기대치 부합,010140,buy,7500,유지
윤재성,하나증권,0.9580439329147339,2022-11-01,양극재에 대해 국내 최대 수준의 Valuation 적용,051910,buy,850000,상향
유재선,하나증권,0.9556639790534973,2022-11-01,외형과 이익 모두 시장 기대치 상회,010120,buy,77000,유지
박재경,하나증권,0.9575467109680176,2022-11-02,3Q22 Re  계속되는 호실적,128940,buy,330000,유지
송선재,하나증권,0.5578005909919739,2022-11-03,3Q22 리뷰  비용이 더 안정화될 전망,161390,buy,50000,알수없음
최정욱,하나증권,0.04468565434217453,2022-11-03,큰폭의 NIM 상승을 견인한 뛰어난 수신경쟁력,323410,buy,26000,하향
이기훈,하나증권,0.3274013102054596,2022-11-04,2023년 말 기준 예상 시가총액은 약 8조원,352820,buy,210000,알수없음
박재경,하나증권,0.055586185306310654,2022-11-04,"3Q22 Re  매출 둔화, 비용 증가로 컨센서스 하회",000100,buy,75000,하향
박성봉,하나증권,0.9577063918113708,2022-11-04,3개 분기 연속 어닝서프라이즈!,003490,buy,37000,유지
윤재성,하나증권,0.7961086630821228,2022-11-04,SK-On 적자폭 축소 긍정적,096770,buy,230000,상향
윤예지,하나증권,0.039356984198093414,2022-11-04,내년을 위한 숨고르기,035720,buy,80000,유지
김홍식,하나증권,0.7715521454811096,2022-11-07,2022년 3분기 컨퍼런스콜 요약,032640,buy,20000,알수없음
김홍식,하나증권,0.660276472568512,2022-11-07,3Q Review – 투자가들의 신뢰 회복 속에 주가 오를,032640,buy,20000,유지
윤예지,하나증권,0.9483731389045715,2022-11-08,중장기 모멘텀 확인,035420,buy,300000,유지
김홍식,하나증권,0.7996761202812195,2022-11-09,2022년 3분기 컨퍼런스콜 요약,030200,buy,45000,알수없음
김홍식,하나증권,0.49377915263175964,2022-11-09,3Q Review - 이젠 저점 매수로 서서히 비중 늘리세요,030200,buy,45000,유지
박재경,하나증권,0.9401859641075134,2022-11-10,3Q22 Re  이번 분기에도 확인된 방향성,068270,buy,250000,유지
김현수,하나증권,0.9508416056632996,2022-11-10,강력한 매수 기회,066970,buy,370000,유지
김홍식,하나증권,0.3256632387638092,2022-11-11,2022년 3분기 컨퍼런스 콜,017670,buy,80000,알수없음
김홍식,하나증권,0.9240540266036987,2022-11-11,3Q Review – 2년 이상 장기 투자자들은 이제 매수 하세요,017670,buy,80000,상향
윤예지,하나증권,0.46662023663520813,2022-11-11,이제는 신작에 집중할 때,259960,buy,350000,유지
윤예지,하나증권,0.9691099524497986,2022-11-14,"굳건한 리니지, 구체화되는 신작 라인업",036570,buy,650000,상향
유재선,하나증권,0.25147882103919983,2022-11-14,남은 퍼즐 두 조각. LNG와 전기요금,015760,hold,20000,유지
유재선,하나증권,0.11201343685388565,2022-11-14,해양 부문 대규모 일회성 비용 발생,042660,buy,33000,유지
윤재성,하나증권,0.9652700424194336,2022-11-15,3Q22 중국 양극재 법인 순이익률 20%,051910,buy,850000,유지
최정욱,하나증권,0.10687220096588135,2022-11-17,그룹 배터리사업의 성장 수혜 반영될 것,003550,buy,125000,유지
윤재성,하나증권,0.8979048728942871,2022-11-18,"Shaheen PJ, 우려를 상쇄할 자금조달 계획과 투자 타이밍",010950,buy,120000,알수없음
송선재,하나증권,0.35904431343078613,2022-11-21,LA 딜러숍 방문기,005380,buy,225000,알수없음
윤재성,하나증권,0.8684266209602356,2022-11-23,"2023년, Re-Rating을 위한 조건",051910,buy,850000,알수없음
송선재,하나증권,0.9003232717514038,2022-11-23,북미 CEO와의 만남,005380,buy,225000,알수없음
최정욱,하나증권,0.0412360355257988,2022-11-23,자회사 IPO를 통한 성장 전략 약화.  E&S 불확실성도 반영 중,034730,buy,340000,하향
김홍식,하나증권,0.11601772904396057,2022-11-24,"4Q 실적 부진 예상, 하지만 저점 매수 기회로 삼아야",030200,buy,45000,유지
윤재성,하나증권,0.8617998361587524,2022-11-24,"고려아연과의 협력 확대, 그 사업적 함의",051910,buy,850000,알수없음
최정욱,하나증권,0.8308184146881104,2022-11-29,거리두기 해제 및 리오프닝 수혜 가속화,001040,buy,130000,유지
윤예지,하나증권,0.7278241515159607,2022-12-06,[NDR 후기] TL에 거는 기대감,036570,buy,650000,알수없음
박재경,하나증권,0.8499753475189209,2022-12-06,레이저티닙의 향후 방향성 점검,000100,buy,75000,알수없음
최정욱,하나증권,0.9737917184829712,2022-12-09,Top-line 개선 폭은 시중은행을 계속 큰폭 상회할 전망,323410,buy,30000,상향
김록호,하나증권,0.019987573847174644,2022-12-15,4Q22 Preview  수요 급감 다시 확인,009150,buy,175000,유지
김록호,하나증권,0.025412164628505707,2022-12-22,1Q23 물량 회복이 변수,011070,buy,430000,하향
박은정,하나증권,0.32708993554115295,2022-12-22,우려가 기대로,090430,hold,140000,유지
김홍식,하나증권,0.5071157813072205,2022-12-23,"구현모 CEO 연임 유력, 배당락 전후 집중 매수 추천",030200,buy,45000,유지
김록호,하나증권,0.021862415596842766,2023-01-03,수요 급감 속에 비중확대 의견 유지,005930,buy,78000,유지
최정욱,하나증권,0.9863144159317017,2023-01-05,4분기에도 뛰어난 top-line 성장세와 호실적 지속될 전망,086790,buy,60000,상향
김록호,하나증권,0.022027229890227318,2023-01-05,실적 하향 vs 환경 개선,009150,buy,175000,유지
윤예지,하나증권,0.726304292678833,2023-01-06,선물하기 for 비즈니스의 가능성,035720,buy,80000,알수없음
김록호,하나증권,0.034792691469192505,2023-01-09,2022년 일회성 이익 제외하면 2023년 증익 가능,066570,buy,130000,유지
박성봉,하나증권,0.22902128100395203,2023-01-09,4분기는 부진하겠지만 1분기부터는 중국 모멘텀 기대!,005490,buy,450000,상향
김록호,하나증권,0.2888782322406769,2023-01-09,반도체 딜레마,005930,buy,78000,유지
김홍식,하나증권,0.7146818041801453,2023-01-10,"컨빅션 바이 의견 제시, 반드시 2월 전 매수해야 합니다",030200,buy,45000,유지
김현수,하나증권,0.036106523126363754,2023-01-10,판가 하락 및 1회성 비용으로 수익성 악화,373220,buy,620000,하향
윤재성,하나증권,0.694215714931488,2023-01-12,미국 증설 본격화로 First Solar와의 시총 격차 축소될까,009830,buy,55000,상향
유재선,하나증권,0.13444460928440094,2023-01-12,앞으로 올라갈 요금이 중요,015760,hold,20000,유지
김록호,하나증권,0.04457154497504234,2023-01-13,버티기 구간,000660,buy,115000,하향
박성봉,하나증권,0.33264487981796265,2023-01-16,확연히 갈라진 여객과 화물의 분위기,003490,buy,34000,하향
유재선,하나증권,0.9659488797187805,2023-01-17,환율 변동에 따른 일시적 부진,298040,buy,96000,상향
김홍식,하나증권,0.9778633117675781,2023-01-18,"2월 실적 발표 직후 주가 13,000원 돌파할 것",032640,buy,20000,유지
김홍식,하나증권,0.5456023812294006,2023-01-19,2월이면 늦습니다. 매수 서두르세요!,030200,buy,45000,유지
김승준,하나증권,0.12324037402868271,2023-01-20,"높은 가이던스, 달성가능성 확인 필요",000720,buy,45000,유지
김록호,하나증권,0.027521643787622452,2023-01-26,수요 회복을 기다릴 때,009150,buy,175000,유지
김록호,하나증권,0.03473369777202606,2023-01-26,하반기 기대감 유효,011070,buy,380000,하향
최정욱,하나증권,0.1255926638841629,2023-01-27,보수적인 비용 처리 때문이지만 실적은 컨센서스 큰폭 하회 예상,055550,buy,55000,유지
송선재,하나증권,0.762254536151886,2023-01-27,어려워진 환경에서 증명하면 된다,005380,buy,225000,알수없음
김현수,하나증권,0.3139442503452301,2023-01-30,1분기 수익성 개선 전망,003670,buy,263000,유지
김록호,하나증권,0.9713481068611145,2023-01-30,2023년 수익성 이상무!,066570,buy,139000,상향
박재경,하나증권,0.9476511478424072,2023-01-30,"4Q22 Re  23년, 이후 도약을 위한 안정기",207940,buy,1150000,유지
박성봉,하나증권,0.08043502271175385,2023-01-30,4분기 영업손실 기록했지만 이제부터는 중국 모멘텀!,005490,buy,450000,상향
송선재,하나증권,0.789121687412262,2023-01-30,실적 매력에 주주환원 매력을 더했다,000270,buy,90000,알수없음
김현수,하나증권,0.9203010201454163,2023-01-30,실적 추정치 상향 조정 가능성,373220,buy,620000,유지
송선재,하나증권,0.038490619510412216,2023-01-30,이 정도면 성장 기업 아닌가요 ,012330,buy,270000,하향
유재선,하나증권,0.49566957354545593,2023-01-30,트레이딩 실적 향후 정상화 기대,047050,buy,30000,유지
유재선,하나증권,0.7348476648330688,2023-01-31,2023년은 흑자전환의 원년,010140,buy,7500,유지
김현수,하나증권,0.2731725871562958,2023-01-31,투자 증가세 뚜렷,006400,buy,1080000,유지
김록호,하나증권,0.5400897264480591,2023-02-01,23년 하반기 수요 회복 전망 유지,005930,buy,78000,유지
김승준,하나증권,0.9791864156723022,2023-02-01,"수주 12조원, 매수",028050,buy,40000,상향
윤재성,하나증권,0.04872201383113861,2023-02-01,실적 쇼크가 오히려 매수 기회,051910,buy,850000,알수없음
유재선,하나증권,0.06189560890197754,2023-02-01,일회성 비용에 의한 실적 감소,010120,buy,77000,유지
유재선,하나증권,0.6961027383804321,2023-02-01,중공업 부문 성장 추세 지속될 전망,298040,buy,96000,유지
박은정,하나증권,0.9856298565864563,2023-02-02,4Q22 Re  어닝 서프라이즈,090430,buy,200000,상향
김록호,하나증권,0.03255658224225044,2023-02-02,실적 하향 vs 업황 바닥 임박,000660,buy,115000,유지
박성봉,하나증권,0.7180518507957458,2023-02-02,"예상했던 만큼의 여객 개선, 화물 악화!",003490,buy,34000,유지
윤재성,하나증권,0.05049528181552887,2023-02-02,중국 석유제품 수출 증가 vs. OSP 안정화,010950,buy,110000,상향
김홍식,하나증권,0.23492923378944397,2023-02-03,"분위기 급반전, 탑픽 변경합니다",030200,buy,45000,알수없음
송선재,하나증권,0.5463708639144897,2023-02-03,올랐던 것은 내려가기 마련이죠. 비용 말입니다,161390,buy,50000,알수없음
유재선,하나증권,0.9794830083847046,2023-02-03,일회성 비용에도 분기 최대 마진 기록,267260,buy,48000,상향
김홍식,하나증권,0.7130157947540283,2023-02-06,2022년 4분기 컨퍼런스콜 요약,032640,buy,20000,알수없음
김홍식,하나증권,0.9430281519889832,2023-02-06,"4Q Review - No 리스크 High 리턴, 결국 주가 크게 오를 것",032640,buy,20000,알수없음
고연수,하나증권,0.9430281519889832,2023-02-06,"4Q Review - No 리스크 High 리턴, 결국 주가 크게 오를 것",032640,buy,20000,알수없음
윤예지,하나증권,0.882016658782959,2023-02-06,일본 사업을 다시 보자,035420,buy,260000,유지
윤재성,하나증권,0.18389321863651276,2023-02-08,SK-On 적자폭 축소 축소 vs. 정유 실적 둔화,096770,buy,190000,유지
최정욱,하나증권,0.7011498808860779,2023-02-08,연이은 어닝서프라이즈. 금리 상승에 최적화된 대출포트폴리오,024110,buy,13500,유지
유재선,하나증권,0.3911706805229187,2023-02-08,일회성 비용에도 긍정적인 실적 흐름,329180,buy,150000,유지
최정욱,하나증권,0.783412754535675,2023-02-08,전반적으로 아쉬운 실적. DPS도 예상치 하회,105560,buy,73000,유지
김홍식,하나증권,0.8029583096504211,2023-02-09,2022년 4분기 컨퍼런스콜 요약,017670,buy,80000,알수없음
윤예지,하나증권,0.9796282052993774,2023-02-09,2023년은 도움닫기의 해,259960,buy,210000,유지
박재경,하나증권,0.08436919748783112,2023-02-09,4Q22 Re  분기 실적보다 장기 방향성,128940,buy,330000,유지
김홍식,하나증권,0.21112361550331116,2023-02-09,"4Q Review - 악재 노출, 이젠 매수로 전환하세요",017670,buy,80000,유지
고연수,하나증권,0.21112361550331116,2023-02-09,"4Q Review - 악재 노출, 이젠 매수로 전환하세요",017670,buy,80000,유지
최정욱,하나증권,0.6570234894752502,2023-02-09,NIM 급등에 따른 이자이익 증가가 판관비와 대손비용 증가를 상쇄,323410,buy,35000,알수없음
송선재,하나증권,0.7887481451034546,2023-02-09,우선주 배당수익률이 8%가 넘습니다. 플러스 알파도 있어요,005380,buy,225000,알수없음
김홍식,하나증권,0.10980379581451416,2023-02-10,4Q Review - 당분간 어떤 호재도 주가에 반영되기 어렵다,030200,buy,45000,유지
고연수,하나증권,0.10980379581451416,2023-02-10,4Q Review - 당분간 어떤 호재도 주가에 반영되기 어렵다,030200,buy,45000,유지
최정욱,하나증권,0.6692211627960205,2023-02-10,가장 선명한 주주환원정책 제시. 배당투자 매력 크게 부각될 듯,086790,buy,67000,유지
김승준,하나증권,0.28410035371780396,2023-02-10,의심할 여지가 없는 주가 상승,028050,buy,40000,유지
윤예지,하나증권,0.027254844084382057,2023-02-10,저조한 모바일 매출로 컨센서스 하회,036570,buy,540000,하향
윤예지,하나증권,0.7210967540740967,2023-02-13,견조한 톡비즈와 비용 절감,035720,buy,85000,유지
이기훈,하나증권,0.9460325837135315,2023-02-13,이수만 최대주주의 지분 인수 및 공개 매수 제안 코멘트,352820,buy,210000,상향
김현수,하나증권,0.1450299620628357,2023-02-14,충분한 가격 매력,066970,buy,370000,유지
송선재,하나증권,0.7693409323692322,2023-02-15,"개선되었지만, 아쉬움이 있는 주주가치 제고정책",012330,buy,270000,알수없음
김홍식,하나증권,0.6745461821556091,2023-02-15,이제 KT와의 시가총액 격차 축소 본격화될 전망,032640,buy,20000,알수없음
고연수,하나증권,0.6745461821556091,2023-02-15,이제 KT와의 시가총액 격차 축소 본격화될 전망,032640,buy,20000,알수없음
윤재성,하나증권,0.5628061890602112,2023-02-17,미국 리튬 광산 투자의 함의,051910,buy,850000,알수없음
윤재성,하나증권,0.03848922997713089,2023-02-17,발전소 매각 이익 반영 vs. 모듈 이익 하향안정화,009830,buy,55000,알수없음
이기훈,하나증권,0.9873781800270081,2023-02-22,단기 변동성은 있겠지만 본업의 모멘텀은 올해도 좋다,352820,buy,230000,상향
박재경,하나증권,0.9691926836967468,2023-02-24,"4Q22 Re  23년의 키워드, 레이저티닙과 수익성 개선",000100,buy,80000,상향
최정욱,하나증권,0.8225446939468384,2023-02-24,[NDR 후기] 차별화되는 배당정책. 역량 강화를 위한 AI 개발 투자,003550,buy,125000,유지
유재선,하나증권,0.09434263408184052,2023-02-27,요금 인상이 없다면 올해도 적자,015760,hold,20000,유지
김홍식,하나증권,0.19170299172401428,2023-02-28,아직 들어갈 때 아닙니다,030200,buy,45000,유지
고연수,하나증권,0.19170299172401428,2023-02-28,아직 들어갈 때 아닙니다,030200,buy,45000,유지
윤예지,하나증권,0.9704453349113464,2023-03-03,수면 위로 떠오르는 헬스케어 신사업,035720,buy,85000,알수없음
박재경,하나증권,0.09998909384012222,2023-03-06,"4Q22 Re  23년, 제품 믹스 개선으로 만들어낼 실적 성장",068270,buy,220000,하향
유재선,하나증권,0.5918741226196289,2023-03-07,새로운 주인과 함께 흑자전환을 향해,042660,buy,33000,유지
김홍식,하나증권,0.02211739867925644,2023-03-07,올해는 섹터 내 탑픽이 될 수 없습니다,030200,buy,40000,하향
윤재성,하나증권,0.6834793090820312,2023-03-08,배터리 종주국 일본을 품은 LG그룹의 야심,051910,buy,850000,유지
김홍식,하나증권,0.11533218622207642,2023-03-08,악재 반영 끝났고 주가에 호재 반영 남았다,032640,buy,20000,유지
고연수,하나증권,0.11533218622207642,2023-03-08,악재 반영 끝났고 주가에 호재 반영 남았다,032640,buy,20000,유지
윤예지,하나증권,0.8683497905731201,2023-03-14,엔터테인먼트 상장 가시화,035720,buy,85000,유지
송선재,하나증권,0.49846360087394714,2023-03-21,"2022년 물류비가 7,677억원 증가했었다",012330,buy,270000,알수없음
최정욱,하나증권,0.11709557473659515,2023-03-22,글로벌 은행 위기 속에서 더욱 돋보이는 자본력과 수신경쟁력,323410,buy,35000,유지
김록호,하나증권,0.050903983414173126,2023-03-29,우려대비 부진한 반도체,005930,buy,78000,유지
박은정,하나증권,0.06662682443857193,2023-03-30,"1Q23 Pre  예견된 부진, 반영된 주가 일시",090430,buy,200000,유지
최정욱,하나증권,0.8403114080429077,2023-03-30,상대적으로 가장 안정적인 펀더멘털 유지 예상,105560,buy,73000,유지
윤재성,하나증권,0.9754040837287903,2023-03-31,AMPC 효과를 얼마나 반영할까,009830,buy,55000,알수없음
박재경,하나증권,0.9437938928604126,2023-04-03,1Q23 Pre 하반기로 갈수록 좋아지는 흐름,207940,buy,1150000,유지
김록호,하나증권,0.030640937387943268,2023-04-05,눈높이 낮추지만 방향성은 유효,000660,buy,115000,유지
김홍식,하나증권,0.9775174260139465,2023-04-05,"절호의 기회, 5월 전에 꼭 매수하세요",032640,buy,20000,유지
고연수,하나증권,0.9775174260139465,2023-04-05,"절호의 기회, 5월 전에 꼭 매수하세요",032640,buy,20000,유지
박재경,하나증권,0.9461930394172668,2023-04-06,1Q23 Pre  기분 좋은 시작,068270,buy,220000,유지
박재경,하나증권,0.9671075940132141,2023-04-06,1Q23 Pre  북경한미 성수기에 수익성 개선까지,128940,buy,360000,상향
송선재,하나증권,0.9864474534988403,2023-04-06,2023년 CEO Investor Day 핵심내용,000270,buy,110000,상향
김승준,하나증권,0.9856113195419312,2023-04-06,건설주 TOP PICK  증익(펀더)과 해외 수주(모멘텀)에 오르지 못한 주가,000720,buy,55000,상향
유재선,하나증권,0.07861028611660004,2023-04-07,요금 규제 불확실성 해소 필요,015760,hold,20000,유지
윤예지,하나증권,0.029595961794257164,2023-04-07,하반기부터 신작 모멘텀,036570,buy,460000,하향
심은주,하나증권,0.9429680705070496,2023-04-10,"1Q23 Pre  궐련 수요는 견조, 원가는 다소 부담",033780,buy,103000,알수없음
박재경,하나증권,0.9421520233154297,2023-04-10,"1Q23 Pre  다시 높아지는 R&D 기대감, 실적도 좋다",000100,buy,80000,유지
김현수,하나증권,0.8892929553985596,2023-04-10,AMPC 효과를 일부 선반영했던 Valuation Premium,373220,buy,750000,상향
윤재성,하나증권,0.9764350056648254,2023-04-10,AMPC의 현재가치를 반영해 목표가 상향,096770,buy,220000,상향
김록호,하나증권,0.7537186145782471,2023-04-10,감산 결정으로 가격 하락폭 둔화 가능성 대두,005930,buy,78000,알수없음
김록호,하나증권,0.9781838059425354,2023-04-10,업황을 이겨내는 힘,066570,buy,168000,상향
유재선,하나증권,0.09177703410387039,2023-04-13,본격적인 개선은 2분기부터 시작,298040,buy,96000,유지
김록호,하나증권,0.9833600521087646,2023-04-14,분기 실적 바닥 통과,009150,buy,185000,상향
유재선,하나증권,0.8927338719367981,2023-04-14,새 출발에 거는 기대,047050,buy,30000,유지
유재선,하나증권,0.981714129447937,2023-04-14,수주 목표치 35% 상향,267260,buy,58000,상향
유재선,하나증권,0.672650158405304,2023-04-17,조금은 늦어도 괜찮을 흑자전환,042660,buy,33000,유지
김홍식,하나증권,0.036724671721458435,2023-04-19,"실적 공포 커질 시점, 5~6월 주가 한 단계 하락 전망",030200,buy,40000,유지
김승준,하나증권,0.8828859925270081,2023-04-24,예상외 매출액 증가와 이익 서프라이즈,000720,buy,55000,유지
박재경,하나증권,0.9826613068580627,2023-04-25,1Q23 Re  하반기로 갈수록 좋아지는 흐름,207940,buy,1150000,유지
유재선,하나증권,0.981046199798584,2023-04-25,비수기임에도 분기 최대 이익 달성,267260,buy,64000,상향
최정욱,하나증권,0.784912645816803,2023-04-25,양호한 실적과 함께 새출발 기대,316140,buy,14500,유지
박성봉,하나증권,0.5844457149505615,2023-04-26,안정적인 영업실적 달성 구간 돌입,003490,buy,34000,유지
송선재,하나증권,0.9796947836875916,2023-04-26,"와, 너무 좋은데…",005380,buy,270000,상향
박재경,하나증권,0.9048385620117188,2023-04-27,"1Q23 Re  수익성 개선 확인, R&D 성과가 기대되는 23년",000100,buy,80000,유지
박재경,하나증권,0.9444345831871033,2023-04-27,1Q23 Re  연이은 호실적,128940,buy,360000,유지
김록호,하나증권,0.9774948954582214,2023-04-27,고객사 주문이 증가하고 있다,009150,buy,185000,알수없음
송선재,하나증권,0.9833791851997375,2023-04-27,난 지금 역사를 써가고 있어,000270,buy,120000,상향
김현수,하나증권,0.937048077583313,2023-04-27,비중 확대 구간,373220,buy,750000,유지
송선재,하나증권,0.059946805238723755,2023-04-27,성장통이 길긴 하네요,012330,buy,270000,알수없음
김록호,하나증권,0.05644996464252472,2023-04-27,실적 하향 조정 종료,000660,buy,115000,유지
김록호,하나증권,0.03872820734977722,2023-04-27,오랜만에 상반기 보릿고개,011070,buy,330000,하향
박성봉,하나증권,0.6524658203125,2023-04-28,"1분기 예상보다 선방, 하반기로 갈수록 실적 개선 예상",005490,buy,450000,상향
유재선,하나증권,0.38557881116867065,2023-04-28,5년 만에 기록한 분기 흑자,010140,buy,7500,유지
송선재,하나증권,0.6011099815368652,2023-04-28,P E 5배가 안 돼요,086280,buy,260000,알수없음
유재선,하나증권,0.34634122252464294,2023-04-28,계속 나아지는 모습,329180,buy,150000,유지
유재선,하나증권,0.9803231954574585,2023-04-28,글로벌 부문 실적 정상화,047050,buy,35000,상향
김록호,하나증권,0.05732442066073418,2023-04-28,뚜렷한 방향성,005930,buy,78000,알수없음
김록호,하나증권,0.5525877475738525,2023-04-28,무엇을 더 보여줘야 할까 ,066570,buy,168000,유지
최정욱,하나증권,0.7888874411582947,2023-04-28,비이자이익과 분기배당이 돋보였던 깜짝 실적,086790,buy,56000,유지
김승준,하나증권,0.924629807472229,2023-04-28,비화공 서프라이즈,028050,buy,40000,유지
유재선,하나증권,0.9341498613357544,2023-04-28,생각보다 더 좋았던 실적,010120,buy,84000,유지
유재선,하나증권,0.19443312287330627,2023-04-28,이번 분기 실적이 연내 저점,010620,buy,120000,유지
김현수,하나증권,0.11174772679805756,2023-04-28,자동차 전지 매출 증가 지속,006400,buy,1080000,유지
최정욱,하나증권,0.8054959774017334,2023-04-28,차질없이 진행되는 자사주 매입 소각. 신뢰감 높은 주주환원,055550,buy,45000,유지
최정욱,하나증권,0.5573804378509521,2025-11-20,"[NDR 후기] 한일령, 상법개정안 수혜 기대",001040,buy,210000,유지
정소영,하나증권,0.5573804378509521,2025-11-20,"[NDR 후기] 한일령, 상법개정안 수혜 기대",001040,buy,210000,유지
유재선,하나증권,0.9461941123008728,2025-11-25,인니 현지 팜 기업 인수로 밸류체인 강화,047050,buy,66000,유지
성무규,하나증권,0.9461941123008728,2025-11-25,인니 현지 팜 기업 인수로 밸류체인 강화,047050,buy,66000,유지
김홍식,하나증권,0.5266236662864685,2025-11-27,12월 전략 - 4Q DPS도 감소할 가능성이 높습니다,017670,buy,55000,유지
이상훈,하나증권,0.5266236662864685,2025-11-27,12월 전략 - 4Q DPS도 감소할 가능성이 높습니다,017670,buy,55000,유지
김홍식,하나증권,0.3506985008716583,2025-11-27,12월 전략 - 아직 가격 메리트가 없어 보입니다,032640,buy,16000,유지
이상훈,하나증권,0.3506985008716583,2025-11-27,12월 전략 - 아직 가격 메리트가 없어 보입니다,032640,buy,16000,유지
김홍식,하나증권,0.6780121326446533,2025-11-27,12월 전략 - 이젠 분할 매수 들어가세요,030200,buy,65000,유지
이상훈,하나증권,0.6780121326446533,2025-11-27,12월 전략 - 이젠 분할 매수 들어가세요,030200,buy,65000,유지
이준호,하나증권,0.800413966178894,2025-11-28,"두나무 합병, 선명해진 꿈의 크기",035420,buy,350000,상향
김홍식,하나증권,0.9868004322052002,2025-12-03,곧 밸류업 정책 수혜주로 부상할 것입니다,030200,buy,70000,상향
이상훈,하나증권,0.9868004322052002,2025-12-03,곧 밸류업 정책 수혜주로 부상할 것입니다,030200,buy,70000,상향
한유정,한화투자증권,0.9535302519798279,2025-11-20,두가지 공시의 함의  축복에 끝이 없네,003230,buy,1800000,유지
배성조,한화투자증권,0.9575284719467163,2025-11-28,수출 모멘텀에 대한 갈증 해소 기대,047810,buy,130000,상향
김나우,한화투자증권,0.9575284719467163,2025-11-28,수출 모멘텀에 대한 갈증 해소 기대,047810,buy,130000,상향
한유정,한화투자증권,0.47655534744262695,2025-12-03,NDR 후기  쇼티지 장기화 예상,003230,buy,1800000,유지
